Castlevania.nsf track=4 framerate=60
Square1(963)
time dur note vol
0.000 0.100 D4 6
0.200 0.100 D4 6
0.400 0.100 G4 6
0.600 0.100 D4 6
0.800 0.100 G4 6
1.000 0.100 D4 6
1.200 0.100 F4 6
1.300 0.100 G4 6
1.600 0.100 D4 6
1.800 0.100 D4 6
2.000 0.100 G4 6
2.200 0.100 D4 6
2.400 0.100 G4 6
2.600 0.100 D4 6
2.800 0.100 F4 6
2.900 0.100 G4 6
3.200 0.100 D4 6
3.400 0.100 D4 6
3.600 0.100 G4 6
3.800 0.100 D4 6
4.000 0.100 G4 6
4.200 0.100 D4 6
4.400 0.100 F4 6
4.500 0.100 G4 6
4.800 0.100 D4 6
5.000 0.100 D4 6
5.200 0.100 G4 6
5.400 0.100 D4 6
5.600 0.100 G4 6
5.800 0.100 D4 6
6.000 0.100 F4 6
6.100 0.100 G4 6
6.400 0.583 D4 6
7.000 0.783 G4 6
7.800 0.100 F4 6
7.900 0.100 G4 6
8.000 0.583 A4 6
8.600 0.583 G4 6
9.200 0.383 F4 6
9.600 0.583 D#4 6
10.200 0.583 D4 6
10.800 0.383 C#4 6
11.300 0.300 D4 5
11.600 0.300 A4 5
11.900 0.900 D5 5
12.800 0.583 D4 6
13.400 0.783 G4 6
14.200 0.100 F4 6
14.300 0.100 G4 6
14.400 0.583 A4 6
15.000 0.583 G4 6
15.600 0.383 F4 6
16.000 0.583 D#4 6
16.600 0.583 D4 6
17.200 0.383 C#4 6
17.700 0.300 D4 5
18.000 0.300 A4 5
18.300 0.900 D5 5
19.200 0.300 G5 5
19.500 0.300 D5 5
19.800 0.267 G5 3
20.100 0.267 D5 3
20.400 0.200 G5 5
20.600 0.200 D5 5
20.800 0.300 G5 5
21.100 0.300 D5 5
21.400 0.267 G5 3
21.700 0.267 D5 3
22.000 0.200 G5 5
22.200 0.200 D5 5
22.400 0.300 G5 5
22.700 0.300 D5 5
23.000 0.267 G5 3
23.300 0.267 D5 3
23.600 0.200 G5 5
23.800 0.200 D5 5
24.000 0.300 G5 5
24.300 0.300 D5 5
24.600 0.267 G5 3
24.900 0.267 D5 3
25.200 0.200 G5 5
25.400 0.200 D5 5
25.600 0.283 D#4 4
25.900 0.283 F4 4
26.200 0.183 G4 4
26.400 0.283 F4 4
26.700 0.283 G4 4
27.000 0.183 A4 4
27.200 0.283 D#4 4
27.500 0.283 F4 4
27.800 0.183 G4 4
28.000 0.283 F4 4
28.300 0.283 G4 4
28.600 0.183 G#4 4
28.800 1.583 A4 4
30.700 0.183 D5 4
30.900 0.183 C#5 4
31.100 0.183 C5 4
31.300 0.183 B4 4
31.500 0.183 A#4 4
31.700 0.183 A4 4
31.900 0.083 G#4 4
32.000 0.100 D4 6
32.200 0.100 D4 6
32.400 0.100 G4 6
32.600 0.100 D4 6
32.800 0.100 G4 6
33.000 0.100 D4 6
33.200 0.100 F4 6
33.300 0.100 G4 6
33.600 0.100 D4 6
33.800 0.100 D4 6
34.000 0.100 G4 6
34.200 0.100 D4 6
34.400 0.100 G4 6
34.600 0.100 D4 6
34.800 0.100 F4 6
34.900 0.100 G4 6
35.200 0.100 D4 6
35.400 0.100 D4 6
35.600 0.100 G4 6
35.800 0.100 D4 6
36.000 0.100 G4 6
36.200 0.100 D4 6
36.400 0.100 F4 6
36.500 0.100 G4 6
36.800 0.100 D4 6
37.000 0.100 D4 6
37.200 0.100 G4 6
37.400 0.100 D4 6
37.600 0.100 G4 6
37.800 0.100 D4 6
38.000 0.100 F4 6
38.100 0.100 G4 6
38.400 0.583 D4 6
39.000 0.783 G4 6
39.800 0.100 F4 6
39.900 0.100 G4 6
40.000 0.583 A4 6
40.600 0.583 G4 6
41.200 0.383 F4 6
41.600 0.583 D#4 6
42.200 0.583 D4 6
42.800 0.383 C#4 6
43.300 0.300 D4 5
43.600 0.300 A4 5
43.900 0.900 D5 5
44.800 0.583 D4 6
45.400 0.783 G4 6
46.200 0.100 F4 6
46.300 0.100 G4 6
46.400 0.583 A4 6
47.000 0.583 G4 6
47.600 0.383 F4 6
48.000 0.583 D#4 6
48.600 0.583 D4 6
49.200 0.383 C#4 6
49.700 0.300 D4 5
50.000 0.300 A4 5
50.300 0.900 D5 5
51.200 0.300 G5 5
51.500 0.300 D5 5
51.800 0.267 G5 3
52.100 0.267 D5 3
52.400 0.200 G5 5
52.600 0.200 D5 5
52.800 0.300 G5 5
53.100 0.300 D5 5
53.400 0.267 G5 3
53.700 0.267 D5 3
54.000 0.200 G5 5
54.200 0.200 D5 5
54.400 0.300 G5 5
54.700 0.300 D5 5
55.000 0.267 G5 3
55.300 0.267 D5 3
55.600 0.200 G5 5
55.800 0.200 D5 5
56.000 0.300 G5 5
56.300 0.300 D5 5
56.600 0.267 G5 3
56.900 0.267 D5 3
57.200 0.200 G5 5
57.400 0.200 D5 5
57.600 0.283 D#4 4
57.900 0.283 F4 4
58.200 0.183 G4 4
58.400 0.283 F4 4
58.700 0.283 G4 4
59.000 0.183 A4 4
59.200 0.283 D#4 4
59.500 0.283 F4 4
59.800 0.183 G4 4
60.000 0.283 F4 4
60.300 0.283 G4 4
60.600 0.183 G#4 4
60.800 1.583 A4 4
62.700 0.183 D5 4
62.900 0.183 C#5 4
63.100 0.183 C5 4
63.300 0.183 B4 4
63.500 0.183 A#4 4
63.700 0.183 A4 4
63.900 0.083 G#4 4
64.000 0.100 D4 6
64.200 0.100 D4 6
64.400 0.100 G4 6
64.600 0.100 D4 6
64.800 0.100 G4 6
65.000 0.100 D4 6
65.200 0.100 F4 6
65.300 0.100 G4 6
65.600 0.100 D4 6
65.800 0.100 D4 6
66.000 0.100 G4 6
66.200 0.100 D4 6
66.400 0.100 G4 6
66.600 0.100 D4 6
66.800 0.100 F4 6
66.900 0.100 G4 6
67.200 0.100 D4 6
67.400 0.100 D4 6
67.600 0.100 G4 6
67.800 0.100 D4 6
68.000 0.100 G4 6
68.200 0.100 D4 6
68.400 0.100 F4 6
68.500 0.100 G4 6
68.800 0.100 D4 6
69.000 0.100 D4 6
69.200 0.100 G4 6
69.400 0.100 D4 6
69.600 0.100 G4 6
69.800 0.100 D4 6
70.000 0.100 F4 6
70.100 0.100 G4 6
70.400 0.583 D4 6
71.000 0.783 G4 6
71.800 0.100 F4 6
71.900 0.100 G4 6
72.000 0.583 A4 6
72.600 0.583 G4 6
73.200 0.383 F4 6
73.600 0.583 D#4 6
74.200 0.583 D4 6
74.800 0.383 C#4 6
75.300 0.300 D4 5
75.600 0.300 A4 5
75.900 0.900 D5 5
76.800 0.583 D4 6
77.400 0.783 G4 6
78.200 0.100 F4 6
78.300 0.100 G4 6
78.400 0.583 A4 6
79.000 0.583 G4 6
79.600 0.383 F4 6
80.000 0.583 D#4 6
80.600 0.583 D4 6
81.200 0.383 C#4 6
81.700 0.300 D4 5
82.000 0.300 A4 5
82.300 0.900 D5 5
83.200 0.300 G5 5
83.500 0.300 D5 5
83.800 0.267 G5 3
84.100 0.267 D5 3
84.400 0.200 G5 5
84.600 0.200 D5 5
84.800 0.300 G5 5
85.100 0.300 D5 5
85.400 0.267 G5 3
85.700 0.267 D5 3
86.000 0.200 G5 5
86.200 0.200 D5 5
86.400 0.300 G5 5
86.700 0.300 D5 5
87.000 0.267 G5 3
87.300 0.267 D5 3
87.600 0.200 G5 5
87.800 0.200 D5 5
88.000 0.300 G5 5
88.300 0.300 D5 5
88.600 0.267 G5 3
88.900 0.267 D5 3
89.200 0.200 G5 5
89.400 0.200 D5 5
89.600 0.283 D#4 4
89.900 0.283 F4 4
90.200 0.183 G4 4
90.400 0.283 F4 4
90.700 0.283 G4 4
91.000 0.183 A4 4
91.200 0.283 D#4 4
91.500 0.283 F4 4
91.800 0.183 G4 4
92.000 0.283 F4 4
92.300 0.283 G4 4
92.600 0.183 G#4 4
92.800 1.583 A4 4
94.700 0.183 D5 4
94.900 0.183 C#5 4
95.100 0.183 C5 4
95.300 0.183 B4 4
95.500 0.183 A#4 4
95.700 0.183 A4 4
95.900 0.083 G#4 4
96.000 0.100 D4 6
96.200 0.100 D4 6
96.400 0.100 G4 6
96.600 0.100 D4 6
96.800 0.100 G4 6
97.000 0.100 D4 6
97.200 0.100 F4 6
97.300 0.100 G4 6
97.600 0.100 D4 6
97.800 0.100 D4 6
98.000 0.100 G4 6
98.200 0.100 D4 6
98.400 0.100 G4 6
98.600 0.100 D4 6
98.800 0.100 F4 6
98.900 0.100 G4 6
99.200 0.100 D4 6
99.400 0.100 D4 6
99.600 0.100 G4 6
99.800 0.100 D4 6
100.000 0.100 G4 6
100.200 0.100 D4 6
100.400 0.100 F4 6
100.500 0.100 G4 6
100.800 0.100 D4 6
101.000 0.100 D4 6
101.200 0.100 G4 6
101.400 0.100 D4 6
101.600 0.100 G4 6
101.800 0.100 D4 6
102.000 0.100 F4 6
102.100 0.100 G4 6
102.400 0.583 D4 6
103.000 0.783 G4 6
103.800 0.100 F4 6
103.900 0.100 G4 6
104.000 0.583 A4 6
104.600 0.583 G4 6
105.200 0.383 F4 6
105.600 0.583 D#4 6
106.200 0.583 D4 6
106.800 0.383 C#4 6
107.300 0.300 D4 5
107.600 0.300 A4 5
107.900 0.900 D5 5
108.800 0.583 D4 6
109.400 0.783 G4 6
110.200 0.100 F4 6
110.300 0.100 G4 6
110.400 0.583 A4 6
111.000 0.583 G4 6
111.600 0.383 F4 6
112.000 0.583 D#4 6
112.600 0.583 D4 6
113.200 0.383 C#4 6
113.700 0.300 D4 5
114.000 0.300 A4 5
114.300 0.900 D5 5
115.200 0.300 G5 5
115.500 0.300 D5 5
115.800 0.267 G5 3
116.100 0.267 D5 3
116.400 0.200 G5 5
116.600 0.200 D5 5
116.800 0.300 G5 5
117.100 0.300 D5 5
117.400 0.267 G5 3
117.700 0.267 D5 3
118.000 0.200 G5 5
118.200 0.200 D5 5
118.400 0.300 G5 5
118.700 0.300 D5 5
119.000 0.267 G5 3
119.300 0.267 D5 3
119.600 0.200 G5 5
119.800 0.200 D5 5
120.000 0.300 G5 5
120.300 0.300 D5 5
120.600 0.267 G5 3
120.900 0.267 D5 3
121.200 0.200 G5 5
121.400 0.200 D5 5
121.600 0.283 D#4 4
121.900 0.283 F4 4
122.200 0.183 G4 4
122.400 0.283 F4 4
122.700 0.283 G4 4
123.000 0.183 A4 4
123.200 0.283 D#4 4
123.500 0.283 F4 4
123.800 0.183 G4 4
124.000 0.283 F4 4
124.300 0.283 G4 4
124.600 0.183 G#4 4
124.800 1.583 A4 4
126.700 0.183 D5 4
126.900 0.183 C#5 4
127.100 0.183 C5 4
127.300 0.183 B4 4
127.500 0.183 A#4 4
127.700 0.183 A4 4
127.900 0.083 G#4 4
128.000 0.100 D4 6
128.200 0.100 D4 6
128.400 0.100 G4 6
128.600 0.100 D4 6
128.800 0.100 G4 6
129.000 0.100 D4 6
129.200 0.100 F4 6
129.300 0.100 G4 6
129.600 0.100 D4 6
129.800 0.100 D4 6
130.000 0.100 G4 6
130.200 0.100 D4 6
130.400 0.100 G4 6
130.600 0.100 D4 6
130.800 0.100 F4 6
130.900 0.100 G4 6
131.200 0.100 D4 6
131.400 0.100 D4 6
131.600 0.100 G4 6
131.800 0.100 D4 6
132.000 0.100 G4 6
132.200 0.100 D4 6
132.400 0.100 F4 6
132.500 0.100 G4 6
132.800 0.100 D4 6
133.000 0.100 D4 6
133.200 0.100 G4 6
133.400 0.100 D4 6
133.600 0.100 G4 6
133.800 0.100 D4 6
134.000 0.100 F4 6
134.100 0.100 G4 6
134.400 0.583 D4 6
135.000 0.783 G4 6
135.800 0.100 F4 6
135.900 0.100 G4 6
136.000 0.583 A4 6
136.600 0.583 G4 6
137.200 0.383 F4 6
137.600 0.583 D#4 6
138.200 0.583 D4 6
138.800 0.383 C#4 6
139.300 0.300 D4 5
139.600 0.300 A4 5
139.900 0.900 D5 5
140.800 0.583 D4 6
141.400 0.783 G4 6
142.200 0.100 F4 6
142.300 0.100 G4 6
142.400 0.583 A4 6
143.000 0.583 G4 6
143.600 0.383 F4 6
144.000 0.583 D#4 6
144.600 0.583 D4 6
145.200 0.383 C#4 6
145.700 0.300 D4 5
146.000 0.300 A4 5
146.300 0.900 D5 5
147.200 0.300 G5 5
147.500 0.300 D5 5
147.800 0.267 G5 3
148.100 0.267 D5 3
148.400 0.200 G5 5
148.600 0.200 D5 5
148.800 0.300 G5 5
149.100 0.300 D5 5
149.400 0.267 G5 3
149.700 0.267 D5 3
150.000 0.200 G5 5
150.200 0.200 D5 5
150.400 0.300 G5 5
150.700 0.300 D5 5
151.000 0.267 G5 3
151.300 0.267 D5 3
151.600 0.200 G5 5
151.800 0.200 D5 5
152.000 0.300 G5 5
152.300 0.300 D5 5
152.600 0.267 G5 3
152.900 0.267 D5 3
153.200 0.200 G5 5
153.400 0.200 D5 5
153.600 0.283 D#4 4
153.900 0.283 F4 4
154.200 0.183 G4 4
154.400 0.283 F4 4
154.700 0.283 G4 4
155.000 0.183 A4 4
155.200 0.283 D#4 4
155.500 0.283 F4 4
155.800 0.183 G4 4
156.000 0.283 F4 4
156.300 0.283 G4 4
156.600 0.183 G#4 4
156.800 1.583 A4 4
158.700 0.183 D5 4
158.900 0.183 C#5 4
159.100 0.183 C5 4
159.300 0.183 B4 4
159.500 0.183 A#4 4
159.700 0.183 A4 4
159.900 0.083 G#4 4
160.000 0.100 D4 6
160.200 0.100 D4 6
160.400 0.100 G4 6
160.600 0.100 D4 6
160.800 0.100 G4 6
161.000 0.100 D4 6
161.200 0.100 F4 6
161.300 0.100 G4 6
161.600 0.100 D4 6
161.800 0.100 D4 6
162.000 0.100 G4 6
162.200 0.100 D4 6
162.400 0.100 G4 6
162.600 0.100 D4 6
162.800 0.100 F4 6
162.900 0.100 G4 6
163.200 0.100 D4 6
163.400 0.100 D4 6
163.600 0.100 G4 6
163.800 0.100 D4 6
164.000 0.100 G4 6
164.200 0.100 D4 6
164.400 0.100 F4 6
164.500 0.100 G4 6
164.800 0.100 D4 6
165.000 0.100 D4 6
165.200 0.100 G4 6
165.400 0.100 D4 6
165.600 0.100 G4 6
165.800 0.100 D4 6
166.000 0.100 F4 6
166.100 0.100 G4 6
166.400 0.583 D4 6
167.000 0.783 G4 6
167.800 0.100 F4 6
167.900 0.100 G4 6
168.000 0.583 A4 6
168.600 0.583 G4 6
169.200 0.383 F4 6
169.600 0.583 D#4 6
170.200 0.583 D4 6
170.800 0.383 C#4 6
171.300 0.300 D4 5
171.600 0.300 A4 5
171.900 0.900 D5 5
172.800 0.583 D4 6
173.400 0.783 G4 6
174.200 0.100 F4 6
174.300 0.100 G4 6
174.400 0.583 A4 6
175.000 0.583 G4 6
175.600 0.383 F4 6
176.000 0.583 D#4 6
176.600 0.583 D4 6
177.200 0.383 C#4 6
177.700 0.300 D4 5
178.000 0.300 A4 5
178.300 0.900 D5 5
179.200 0.300 G5 5
179.500 0.300 D5 5
179.800 0.267 G5 3
180.100 0.267 D5 3
180.400 0.200 G5 5
180.600 0.200 D5 5
180.800 0.300 G5 5
181.100 0.300 D5 5
181.400 0.267 G5 3
181.700 0.267 D5 3
182.000 0.200 G5 5
182.200 0.200 D5 5
182.400 0.300 G5 5
182.700 0.300 D5 5
183.000 0.267 G5 3
183.300 0.267 D5 3
183.600 0.200 G5 5
183.800 0.200 D5 5
184.000 0.300 G5 5
184.300 0.300 D5 5
184.600 0.267 G5 3
184.900 0.267 D5 3
185.200 0.200 G5 5
185.400 0.200 D5 5
185.600 0.283 D#4 4
185.900 0.283 F4 4
186.200 0.183 G4 4
186.400 0.283 F4 4
186.700 0.283 G4 4
187.000 0.183 A4 4
187.200 0.283 D#4 4
187.500 0.283 F4 4
187.800 0.183 G4 4
188.000 0.283 F4 4
188.300 0.283 G4 4
188.600 0.183 G#4 4
188.800 1.583 A4 4
190.700 0.183 D5 4
190.900 0.183 C#5 4
191.100 0.183 C5 4
191.300 0.183 B4 4
191.500 0.183 A#4 4
191.700 0.183 A4 4
191.900 0.083 G#4 4
192.000 0.100 D4 6
192.200 0.100 D4 6
192.400 0.100 G4 6
192.600 0.100 D4 6
192.800 0.100 G4 6
193.000 0.100 D4 6
193.200 0.100 F4 6
193.300 0.100 G4 6
193.600 0.100 D4 6
193.800 0.100 D4 6
194.000 0.100 G4 6
194.200 0.100 D4 6
194.400 0.100 G4 6
194.600 0.100 D4 6
194.800 0.100 F4 6
194.900 0.100 G4 6
195.200 0.100 D4 6
195.400 0.100 D4 6
195.600 0.100 G4 6
195.800 0.100 D4 6
196.000 0.100 G4 6
196.200 0.100 D4 6
196.400 0.100 F4 6
196.500 0.100 G4 6
196.800 0.100 D4 6
197.000 0.100 D4 6
197.200 0.100 G4 6
197.400 0.100 D4 6
197.600 0.100 G4 6
197.800 0.100 D4 6
198.000 0.100 F4 6
198.100 0.100 G4 6
198.400 0.583 D4 6
199.000 0.783 G4 6
199.800 0.100 F4 6
199.900 0.100 G4 6
200.000 0.583 A4 6
200.600 0.583 G4 6
201.200 0.383 F4 6
201.600 0.583 D#4 6
202.200 0.583 D4 6
202.800 0.383 C#4 6
203.300 0.300 D4 5
203.600 0.300 A4 5
203.900 0.900 D5 5
204.800 0.583 D4 6
205.400 0.783 G4 6
206.200 0.100 F4 6
206.300 0.100 G4 6
206.400 0.583 A4 6
207.000 0.583 G4 6
207.600 0.383 F4 6
208.000 0.583 D#4 6
208.600 0.583 D4 6
209.200 0.383 C#4 6
209.700 0.300 D4 5
210.000 0.300 A4 5
210.300 0.900 D5 5
211.200 0.300 G5 5
211.500 0.300 D5 5
211.800 0.267 G5 3
212.100 0.267 D5 3
212.400 0.200 G5 5
212.600 0.200 D5 5
212.800 0.300 G5 5
213.100 0.300 D5 5
213.400 0.267 G5 3
213.700 0.267 D5 3
214.000 0.200 G5 5
214.200 0.200 D5 5
214.400 0.300 G5 5
214.700 0.300 D5 5
215.000 0.267 G5 3
215.300 0.267 D5 3
215.600 0.200 G5 5
215.800 0.200 D5 5
216.000 0.300 G5 5
216.300 0.300 D5 5
216.600 0.267 G5 3
216.900 0.267 D5 3
217.200 0.200 G5 5
217.400 0.200 D5 5
217.600 0.283 D#4 4
217.900 0.283 F4 4
218.200 0.183 G4 4
218.400 0.283 F4 4
218.700 0.283 G4 4
219.000 0.183 A4 4
219.200 0.283 D#4 4
219.500 0.283 F4 4
219.800 0.183 G4 4
220.000 0.283 F4 4
220.300 0.283 G4 4
220.600 0.183 G#4 4
220.800 1.583 A4 4
222.700 0.183 D5 4
222.900 0.183 C#5 4
223.100 0.183 C5 4
223.300 0.183 B4 4
223.500 0.183 A#4 4
223.700 0.183 A4 4
223.900 0.083 G#4 4
224.000 0.100 D4 6
224.200 0.100 D4 6
224.400 0.100 G4 6
224.600 0.100 D4 6
224.800 0.100 G4 6
225.000 0.100 D4 6
225.200 0.100 F4 6
225.300 0.100 G4 6
225.600 0.100 D4 6
225.800 0.100 D4 6
226.000 0.100 G4 6
226.200 0.100 D4 6
226.400 0.100 G4 6
226.600 0.100 D4 6
226.800 0.100 F4 6
226.900 0.100 G4 6
227.200 0.100 D4 6
227.400 0.100 D4 6
227.600 0.100 G4 6
227.800 0.100 D4 6
228.000 0.100 G4 6
228.200 0.100 D4 6
228.400 0.100 F4 6
228.500 0.100 G4 6
228.800 0.100 D4 6
229.000 0.100 D4 6
229.200 0.100 G4 6
229.400 0.100 D4 6
229.600 0.100 G4 6
229.800 0.100 D4 6
230.000 0.100 F4 6
230.100 0.100 G4 6
230.400 0.583 D4 6
231.000 0.783 G4 6
231.800 0.100 F4 6
231.900 0.100 G4 6
232.000 0.583 A4 6
232.600 0.583 G4 6
233.200 0.383 F4 6
233.600 0.583 D#4 6
234.200 0.583 D4 6
234.800 0.383 C#4 6
235.300 0.300 D4 5
235.600 0.300 A4 5
235.900 0.900 D5 5
236.800 0.583 D4 6
237.400 0.783 G4 6
238.200 0.100 F4 6
238.300 0.100 G4 6
238.400 0.583 A4 6
239.000 0.583 G4 6
239.600 0.383 F4 6
240.000 0.583 D#4 6
240.600 0.583 D4 6
241.200 0.383 C#4 6
241.700 0.300 D4 5
242.000 0.300 A4 5
242.300 0.900 D5 5
243.200 0.300 G5 5
243.500 0.300 D5 5
243.800 0.267 G5 3
244.100 0.267 D5 3
244.400 0.200 G5 5
244.600 0.200 D5 5
244.800 0.300 G5 5
245.100 0.300 D5 5
245.400 0.267 G5 3
245.700 0.267 D5 3
246.000 0.200 G5 5
246.200 0.200 D5 5
246.400 0.300 G5 5
246.700 0.300 D5 5
247.000 0.267 G5 3
247.300 0.267 D5 3
247.600 0.200 G5 5
247.800 0.200 D5 5
248.000 0.300 G5 5
248.300 0.300 D5 5
248.600 0.267 G5 3
248.900 0.267 D5 3
249.200 0.200 G5 5
249.400 0.200 D5 5
249.600 0.283 D#4 4
249.900 0.283 F4 4
250.200 0.183 G4 4
250.400 0.283 F4 4
250.700 0.283 G4 4
251.000 0.183 A4 4
251.200 0.283 D#4 4
251.500 0.283 F4 4
251.800 0.183 G4 4
252.000 0.283 F4 4
252.300 0.283 G4 4
252.600 0.183 G#4 4
252.800 1.583 A4 4
254.700 0.183 D5 4
254.900 0.183 C#5 4
255.100 0.183 C5 4
255.300 0.183 B4 4
255.500 0.183 A#4 4
255.700 0.183 A4 4
255.900 0.083 G#4 4
256.000 0.100 D4 6
256.200 0.100 D4 6
256.400 0.100 G4 6
256.600 0.100 D4 6
256.800 0.100 G4 6
257.000 0.100 D4 6
257.200 0.100 F4 6
257.300 0.100 G4 6
257.600 0.100 D4 6
257.800 0.100 D4 6
258.000 0.100 G4 6
258.200 0.100 D4 6
258.400 0.100 G4 6
258.600 0.100 D4 6
258.800 0.100 F4 6
258.900 0.100 G4 6
259.200 0.100 D4 6
259.400 0.100 D4 6
259.600 0.100 G4 6
259.800 0.100 D4 6
260.000 0.100 G4 6
260.200 0.100 D4 6
260.400 0.100 F4 6
260.500 0.100 G4 6
260.800 0.100 D4 6
261.000 0.100 D4 6
261.200 0.100 G4 6
261.400 0.100 D4 6
261.600 0.100 G4 6
261.800 0.100 D4 6
262.000 0.100 F4 6
262.100 0.100 G4 6
262.400 0.583 D4 6
263.000 0.783 G4 6
263.800 0.100 F4 6
263.900 0.100 G4 6
264.000 0.583 A4 6
264.600 0.583 G4 6
265.200 0.383 F4 6
265.600 0.583 D#4 6
266.200 0.583 D4 6
266.800 0.383 C#4 6
267.300 0.300 D4 5
267.600 0.300 A4 5
267.900 0.900 D5 5
268.800 0.583 D4 6
269.400 0.783 G4 6
270.200 0.100 F4 6
270.300 0.100 G4 6
270.400 0.583 A4 6
271.000 0.583 G4 6
271.600 0.383 F4 6
272.000 0.583 D#4 6
272.600 0.583 D4 6
273.200 0.383 C#4 6
273.700 0.300 D4 5
274.000 0.300 A4 5
274.300 0.900 D5 5
275.200 0.300 G5 5
275.500 0.300 D5 5
275.800 0.267 G5 3
276.100 0.267 D5 3
276.400 0.200 G5 5
276.600 0.200 D5 5
276.800 0.300 G5 5
277.100 0.300 D5 5
277.400 0.267 G5 3
277.700 0.267 D5 3
278.000 0.200 G5 5
278.200 0.200 D5 5
278.400 0.300 G5 5
278.700 0.300 D5 5
279.000 0.267 G5 3
279.300 0.267 D5 3
279.600 0.200 G5 5
279.800 0.200 D5 5
280.000 0.300 G5 5
280.300 0.300 D5 5
280.600 0.267 G5 3
280.900 0.267 D5 3
281.200 0.200 G5 5
281.400 0.200 D5 5
281.600 0.283 D#4 4
281.900 0.283 F4 4
282.200 0.183 G4 4
282.400 0.283 F4 4
282.700 0.283 G4 4
283.000 0.183 A4 4
283.200 0.283 D#4 4
283.500 0.283 F4 4
283.800 0.183 G4 4
284.000 0.283 F4 4
284.300 0.283 G4 4
284.600 0.183 G#4 4
284.800 1.583 A4 4
286.700 0.183 D5 4
286.900 0.183 C#5 4
287.100 0.183 C5 4
287.300 0.183 B4 4
287.500 0.183 A#4 4
287.700 0.183 A4 4
287.900 0.083 G#4 4
288.000 0.100 D4 6
288.200 0.100 D4 6
288.400 0.100 G4 6
288.600 0.100 D4 6
288.800 0.100 G4 6
289.000 0.100 D4 6
289.200 0.100 F4 6
289.300 0.100 G4 6
289.600 0.100 D4 6
289.800 0.100 D4 6
290.000 0.100 G4 6
290.200 0.100 D4 6
290.400 0.100 G4 6
290.600 0.100 D4 6
290.800 0.100 F4 6
290.900 0.100 G4 6
291.200 0.100 D4 6
291.400 0.100 D4 6
291.600 0.100 G4 6
291.800 0.100 D4 6
292.000 0.100 G4 6
292.200 0.100 D4 6
292.400 0.100 F4 6
292.500 0.100 G4 6
292.800 0.100 D4 6
293.000 0.100 D4 6
293.200 0.100 G4 6
293.400 0.100 D4 6
293.600 0.100 G4 6
293.800 0.100 D4 6
294.000 0.100 F4 6
294.100 0.100 G4 6
294.400 0.583 D4 6
295.000 0.783 G4 6
295.800 0.100 F4 6
295.900 0.100 G4 6
296.000 0.583 A4 6
296.600 0.583 G4 6
297.200 0.383 F4 6
297.600 0.583 D#4 6
298.200 0.583 D4 6
298.800 0.383 C#4 6
299.300 0.300 D4 5
299.600 0.300 A4 5
299.900 3.033 D5 5
Square2(944)
time dur note vol
0.000 0.100 G3 6
0.200 0.100 G3 6
0.400 0.100 G5 6
0.600 0.100 G3 6
0.800 0.100 G3 6
1.000 0.100 D3 6
1.200 0.100 F3 6
1.300 0.100 G3 6
1.600 0.100 G3 6
1.800 0.100 G3 6
2.000 0.100 G5 6
2.200 0.100 G3 6
2.400 0.100 G3 6
2.600 0.100 D3 6
2.800 0.100 F3 6
2.900 0.100 G3 6
3.200 0.100 G3 6
3.400 0.100 G3 6
3.600 0.100 G5 6
3.800 0.100 G3 6
4.000 0.100 G3 6
4.200 0.100 D3 6
4.400 0.100 F3 6
4.500 0.100 G3 6
4.800 0.100 G3 6
5.000 0.100 G3 6
5.200 0.100 G5 6
5.400 0.100 G3 6
5.600 0.100 G3 6
5.800 0.100 D3 6
6.000 0.100 F3 6
6.100 0.100 G3 6
6.400 0.583 G4 6
7.000 0.783 A#4 6
7.800 0.100 A4 6
7.900 0.100 A#4 6
8.000 0.583 C5 6
8.600 0.583 A#4 6
9.200 0.383 A4 6
9.600 0.583 A#4 6
10.200 0.983 G4 6
11.200 0.300 D4 5
11.500 0.300 A4 5
11.800 1.000 D5 5
12.800 0.583 G4 6
13.400 0.783 A#4 6
14.200 0.100 A4 6
14.300 0.100 A#4 6
14.400 0.583 C5 6
15.000 0.583 A#4 6
15.600 0.383 A4 6
16.000 0.583 A#4 6
16.600 0.983 G4 6
17.600 0.300 D4 5
17.900 0.300 A4 5
18.200 1.000 D5 5
19.300 0.300 G5 5
19.600 0.300 D5 5
19.900 0.267 G5 3
20.200 0.267 D5 3
20.500 0.200 G5 5
20.700 0.100 D5 5
20.900 0.300 G5 5
21.200 0.300 D5 5
21.500 0.267 G5 3
21.800 0.267 D5 3
22.100 0.200 G5 5
22.300 0.100 D5 5
22.500 0.300 G5 5
22.800 0.300 D5 5
23.100 0.267 G5 3
23.400 0.267 D5 3
23.700 0.200 G5 5
23.900 0.100 D5 5
24.100 0.300 G5 5
24.400 0.300 D5 5
24.700 0.267 G5 3
25.000 0.267 D5 3
25.300 0.200 G5 5
25.500 0.100 D5 5
25.600 0.283 G4 5
25.900 0.283 A4 5
26.200 0.183 A#4 5
26.400 0.283 A4 5
26.700 0.283 A#4 5
27.000 0.183 C5 5
27.200 0.283 A#4 5
27.500 0.283 C5 5
27.800 0.183 D5 5
28.000 0.283 C5 5
28.300 0.283 D5 5
28.600 0.183 D#5 5
28.800 1.583 D5 5
30.600 0.200 D5 3
30.800 0.200 C#5 15
31.000 0.200 C5 15
31.200 0.200 B4 15
31.400 0.200 A#4 15
31.600 0.200 A4 15
31.800 0.200 G#4 15
32.000 0.100 G3 6
32.200 0.100 G3 6
32.400 0.100 G5 6
32.600 0.100 G3 6
32.800 0.100 G3 6
33.000 0.100 D3 6
33.200 0.100 F3 6
33.300 0.100 G3 6
33.600 0.100 G3 6
33.800 0.100 G3 6
34.000 0.100 G5 6
34.200 0.100 G3 6
34.400 0.100 G3 6
34.600 0.100 D3 6
34.800 0.100 F3 6
34.900 0.100 G3 6
35.200 0.100 G3 6
35.400 0.100 G3 6
35.600 0.100 G5 6
35.800 0.100 G3 6
36.000 0.100 G3 6
36.200 0.100 D3 6
36.400 0.100 F3 6
36.500 0.100 G3 6
36.800 0.100 G3 6
37.000 0.100 G3 6
37.200 0.100 G5 6
37.400 0.100 G3 6
37.600 0.100 G3 6
37.800 0.100 D3 6
38.000 0.100 F3 6
38.100 0.100 G3 6
38.400 0.583 G4 6
39.000 0.783 A#4 6
39.800 0.100 A4 6
39.900 0.100 A#4 6
40.000 0.583 C5 6
40.600 0.583 A#4 6
41.200 0.383 A4 6
41.600 0.583 A#4 6
42.200 0.983 G4 6
43.200 0.300 D4 5
43.500 0.300 A4 5
43.800 1.000 D5 5
44.800 0.583 G4 6
45.400 0.783 A#4 6
46.200 0.100 A4 6
46.300 0.100 A#4 6
46.400 0.583 C5 6
47.000 0.583 A#4 6
47.600 0.383 A4 6
48.000 0.583 A#4 6
48.600 0.983 G4 6
49.600 0.300 D4 5
49.900 0.300 A4 5
50.200 1.000 D5 5
51.300 0.300 G5 5
51.600 0.300 D5 5
51.900 0.267 G5 3
52.200 0.267 D5 3
52.500 0.200 G5 5
52.700 0.100 D5 5
52.900 0.300 G5 5
53.200 0.300 D5 5
53.500 0.267 G5 3
53.800 0.267 D5 3
54.100 0.200 G5 5
54.300 0.100 D5 5
54.500 0.300 G5 5
54.800 0.300 D5 5
55.100 0.267 G5 3
55.400 0.267 D5 3
55.700 0.200 G5 5
55.900 0.100 D5 5
56.100 0.300 G5 5
56.400 0.300 D5 5
56.700 0.267 G5 3
57.000 0.267 D5 3
57.300 0.200 G5 5
57.500 0.100 D5 5
57.600 0.283 G4 5
57.900 0.283 A4 5
58.200 0.183 A#4 5
58.400 0.283 A4 5
58.700 0.283 A#4 5
59.000 0.183 C5 5
59.200 0.283 A#4 5
59.500 0.283 C5 5
59.800 0.183 D5 5
60.000 0.283 C5 5
60.300 0.283 D5 5
60.600 0.183 D#5 5
60.800 1.583 D5 5
62.600 0.200 D5 3
62.800 0.200 C#5 15
63.000 0.200 C5 15
63.200 0.200 B4 15
63.400 0.200 A#4 15
63.600 0.200 A4 15
63.800 0.200 G#4 15
64.000 0.100 G3 6
64.200 0.100 G3 6
64.400 0.100 G5 6
64.600 0.100 G3 6
64.800 0.100 G3 6
65.000 0.100 D3 6
65.200 0.100 F3 6
65.300 0.100 G3 6
65.600 0.100 G3 6
65.800 0.100 G3 6
66.000 0.100 G5 6
66.200 0.100 G3 6
66.400 0.100 G3 6
66.600 0.100 D3 6
66.800 0.100 F3 6
66.900 0.100 G3 6
67.200 0.100 G3 6
67.400 0.100 G3 6
67.600 0.100 G5 6
67.800 0.100 G3 6
68.000 0.100 G3 6
68.200 0.100 D3 6
68.400 0.100 F3 6
68.500 0.100 G3 6
68.800 0.100 G3 6
69.000 0.100 G3 6
69.200 0.100 G5 6
69.400 0.100 G3 6
69.600 0.100 G3 6
69.800 0.100 D3 6
70.000 0.100 F3 6
70.100 0.100 G3 6
70.400 0.583 G4 6
71.000 0.783 A#4 6
71.800 0.100 A4 6
71.900 0.100 A#4 6
72.000 0.583 C5 6
72.600 0.583 A#4 6
73.200 0.383 A4 6
73.600 0.583 A#4 6
74.200 0.983 G4 6
75.200 0.300 D4 5
75.500 0.300 A4 5
75.800 1.000 D5 5
76.800 0.583 G4 6
77.400 0.783 A#4 6
78.200 0.100 A4 6
78.300 0.100 A#4 6
78.400 0.583 C5 6
79.000 0.583 A#4 6
79.600 0.383 A4 6
80.000 0.583 A#4 6
80.600 0.983 G4 6
81.600 0.300 D4 5
81.900 0.300 A4 5
82.200 1.000 D5 5
83.300 0.300 G5 5
83.600 0.300 D5 5
83.900 0.267 G5 3
84.200 0.267 D5 3
84.500 0.200 G5 5
84.700 0.100 D5 5
84.900 0.300 G5 5
85.200 0.300 D5 5
85.500 0.267 G5 3
85.800 0.267 D5 3
86.100 0.200 G5 5
86.300 0.100 D5 5
86.500 0.300 G5 5
86.800 0.300 D5 5
87.100 0.267 G5 3
87.400 0.267 D5 3
87.700 0.200 G5 5
87.900 0.100 D5 5
88.100 0.300 G5 5
88.400 0.300 D5 5
88.700 0.267 G5 3
89.000 0.267 D5 3
89.300 0.200 G5 5
89.500 0.100 D5 5
89.600 0.283 G4 5
89.900 0.283 A4 5
90.200 0.183 A#4 5
90.400 0.283 A4 5
90.700 0.283 A#4 5
91.000 0.183 C5 5
91.200 0.283 A#4 5
91.500 0.283 C5 5
91.800 0.183 D5 5
92.000 0.283 C5 5
92.300 0.283 D5 5
92.600 0.183 D#5 5
92.800 1.583 D5 5
94.600 0.200 D5 3
94.800 0.200 C#5 15
95.000 0.200 C5 15
95.200 0.200 B4 15
95.400 0.200 A#4 15
95.600 0.200 A4 15
95.800 0.200 G#4 15
96.000 0.100 G3 6
96.200 0.100 G3 6
96.400 0.100 G5 6
96.600 0.100 G3 6
96.800 0.100 G3 6
97.000 0.100 D3 6
97.200 0.100 F3 6
97.300 0.100 G3 6
97.600 0.100 G3 6
97.800 0.100 G3 6
98.000 0.100 G5 6
98.200 0.100 G3 6
98.400 0.100 G3 6
98.600 0.100 D3 6
98.800 0.100 F3 6
98.900 0.100 G3 6
99.200 0.100 G3 6
99.400 0.100 G3 6
99.600 0.100 G5 6
99.800 0.100 G3 6
100.000 0.100 G3 6
100.200 0.100 D3 6
100.400 0.100 F3 6
100.500 0.100 G3 6
100.800 0.100 G3 6
101.000 0.100 G3 6
101.200 0.100 G5 6
101.400 0.100 G3 6
101.600 0.100 G3 6
101.800 0.100 D3 6
102.000 0.100 F3 6
102.100 0.100 G3 6
102.400 0.583 G4 6
103.000 0.783 A#4 6
103.800 0.100 A4 6
103.900 0.100 A#4 6
104.000 0.583 C5 6
104.600 0.583 A#4 6
105.200 0.383 A4 6
105.600 0.583 A#4 6
106.200 0.983 G4 6
107.200 0.300 D4 5
107.500 0.300 A4 5
107.800 1.000 D5 5
108.800 0.583 G4 6
109.400 0.783 A#4 6
110.200 0.100 A4 6
110.300 0.100 A#4 6
110.400 0.583 C5 6
111.000 0.583 A#4 6
111.600 0.383 A4 6
112.000 0.583 A#4 6
112.600 0.983 G4 6
113.600 0.300 D4 5
113.900 0.300 A4 5
114.200 1.000 D5 5
115.300 0.300 G5 5
115.600 0.300 D5 5
115.900 0.267 G5 3
116.200 0.267 D5 3
116.500 0.200 G5 5
116.700 0.100 D5 5
116.900 0.300 G5 5
117.200 0.300 D5 5
117.500 0.267 G5 3
117.800 0.267 D5 3
118.100 0.200 G5 5
118.300 0.100 D5 5
118.500 0.300 G5 5
118.800 0.300 D5 5
119.100 0.267 G5 3
119.400 0.267 D5 3
119.700 0.200 G5 5
119.900 0.100 D5 5
120.100 0.300 G5 5
120.400 0.300 D5 5
120.700 0.267 G5 3
121.000 0.267 D5 3
121.300 0.200 G5 5
121.500 0.100 D5 5
121.600 0.283 G4 5
121.900 0.283 A4 5
122.200 0.183 A#4 5
122.400 0.283 A4 5
122.700 0.283 A#4 5
123.000 0.183 C5 5
123.200 0.283 A#4 5
123.500 0.283 C5 5
123.800 0.183 D5 5
124.000 0.283 C5 5
124.300 0.283 D5 5
124.600 0.183 D#5 5
124.800 1.583 D5 5
126.600 0.200 D5 3
126.800 0.200 C#5 15
127.000 0.200 C5 15
127.200 0.200 B4 15
127.400 0.200 A#4 15
127.600 0.200 A4 15
127.800 0.200 G#4 15
128.000 0.100 G3 6
128.200 0.100 G3 6
128.400 0.100 G5 6
128.600 0.100 G3 6
128.800 0.100 G3 6
129.000 0.100 D3 6
129.200 0.100 F3 6
129.300 0.100 G3 6
129.600 0.100 G3 6
129.800 0.100 G3 6
130.000 0.100 G5 6
130.200 0.100 G3 6
130.400 0.100 G3 6
130.600 0.100 D3 6
130.800 0.100 F3 6
130.900 0.100 G3 6
131.200 0.100 G3 6
131.400 0.100 G3 6
131.600 0.100 G5 6
131.800 0.100 G3 6
132.000 0.100 G3 6
132.200 0.100 D3 6
132.400 0.100 F3 6
132.500 0.100 G3 6
132.800 0.100 G3 6
133.000 0.100 G3 6
133.200 0.100 G5 6
133.400 0.100 G3 6
133.600 0.100 G3 6
133.800 0.100 D3 6
134.000 0.100 F3 6
134.100 0.100 G3 6
134.400 0.583 G4 6
135.000 0.783 A#4 6
135.800 0.100 A4 6
135.900 0.100 A#4 6
136.000 0.583 C5 6
136.600 0.583 A#4 6
137.200 0.383 A4 6
137.600 0.583 A#4 6
138.200 0.983 G4 6
139.200 0.300 D4 5
139.500 0.300 A4 5
139.800 1.000 D5 5
140.800 0.583 G4 6
141.400 0.783 A#4 6
142.200 0.100 A4 6
142.300 0.100 A#4 6
142.400 0.583 C5 6
143.000 0.583 A#4 6
143.600 0.383 A4 6
144.000 0.583 A#4 6
144.600 0.983 G4 6
145.600 0.300 D4 5
145.900 0.300 A4 5
146.200 1.000 D5 5
147.300 0.300 G5 5
147.600 0.300 D5 5
147.900 0.267 G5 3
148.200 0.267 D5 3
148.500 0.200 G5 5
148.700 0.100 D5 5
148.900 0.300 G5 5
149.200 0.300 D5 5
149.500 0.267 G5 3
149.800 0.267 D5 3
150.100 0.200 G5 5
150.300 0.100 D5 5
150.500 0.300 G5 5
150.800 0.300 D5 5
151.100 0.267 G5 3
151.400 0.267 D5 3
151.700 0.200 G5 5
151.900 0.100 D5 5
152.100 0.300 G5 5
152.400 0.300 D5 5
152.700 0.267 G5 3
153.000 0.267 D5 3
153.300 0.200 G5 5
153.500 0.100 D5 5
153.600 0.283 G4 5
153.900 0.283 A4 5
154.200 0.183 A#4 5
154.400 0.283 A4 5
154.700 0.283 A#4 5
155.000 0.183 C5 5
155.200 0.283 A#4 5
155.500 0.283 C5 5
155.800 0.183 D5 5
156.000 0.283 C5 5
156.300 0.283 D5 5
156.600 0.183 D#5 5
156.800 1.583 D5 5
158.600 0.200 D5 3
158.800 0.200 C#5 15
159.000 0.200 C5 15
159.200 0.200 B4 15
159.400 0.200 A#4 15
159.600 0.200 A4 15
159.800 0.200 G#4 15
160.000 0.100 G3 6
160.200 0.100 G3 6
160.400 0.100 G5 6
160.600 0.100 G3 6
160.800 0.100 G3 6
161.000 0.100 D3 6
161.200 0.100 F3 6
161.300 0.100 G3 6
161.600 0.100 G3 6
161.800 0.100 G3 6
162.000 0.100 G5 6
162.200 0.100 G3 6
162.400 0.100 G3 6
162.600 0.100 D3 6
162.800 0.100 F3 6
162.900 0.100 G3 6
163.200 0.100 G3 6
163.400 0.100 G3 6
163.600 0.100 G5 6
163.800 0.100 G3 6
164.000 0.100 G3 6
164.200 0.100 D3 6
164.400 0.100 F3 6
164.500 0.100 G3 6
164.800 0.100 G3 6
165.000 0.100 G3 6
165.200 0.100 G5 6
165.400 0.100 G3 6
165.600 0.100 G3 6
165.800 0.100 D3 6
166.000 0.100 F3 6
166.100 0.100 G3 6
166.400 0.583 G4 6
167.000 0.783 A#4 6
167.800 0.100 A4 6
167.900 0.100 A#4 6
168.000 0.583 C5 6
168.600 0.583 A#4 6
169.200 0.383 A4 6
169.600 0.583 A#4 6
170.200 0.983 G4 6
171.200 0.300 D4 5
171.500 0.300 A4 5
171.800 1.000 D5 5
172.800 0.583 G4 6
173.400 0.783 A#4 6
174.200 0.100 A4 6
174.300 0.100 A#4 6
174.400 0.583 C5 6
175.000 0.583 A#4 6
175.600 0.383 A4 6
176.000 0.583 A#4 6
176.600 0.983 G4 6
177.600 0.300 D4 5
177.900 0.300 A4 5
178.200 1.000 D5 5
179.300 0.300 G5 5
179.600 0.300 D5 5
179.900 0.267 G5 3
180.200 0.267 D5 3
180.500 0.200 G5 5
180.700 0.100 D5 5
180.900 0.300 G5 5
181.200 0.300 D5 5
181.500 0.267 G5 3
181.800 0.267 D5 3
182.100 0.200 G5 5
182.300 0.100 D5 5
182.500 0.300 G5 5
182.800 0.300 D5 5
183.100 0.267 G5 3
183.400 0.267 D5 3
183.700 0.200 G5 5
183.900 0.100 D5 5
184.100 0.300 G5 5
184.400 0.300 D5 5
184.700 0.267 G5 3
185.000 0.267 D5 3
185.300 0.200 G5 5
185.500 0.100 D5 5
185.600 0.283 G4 5
185.900 0.283 A4 5
186.200 0.183 A#4 5
186.400 0.283 A4 5
186.700 0.283 A#4 5
187.000 0.183 C5 5
187.200 0.283 A#4 5
187.500 0.283 C5 5
187.800 0.183 D5 5
188.000 0.283 C5 5
188.300 0.283 D5 5
188.600 0.183 D#5 5
188.800 1.583 D5 5
190.600 0.200 D5 3
190.800 0.200 C#5 15
191.000 0.200 C5 15
191.200 0.200 B4 15
191.400 0.200 A#4 15
191.600 0.200 A4 15
191.800 0.200 G#4 15
192.000 0.100 G3 6
192.200 0.100 G3 6
192.400 0.100 G5 6
192.600 0.100 G3 6
192.800 0.100 G3 6
193.000 0.100 D3 6
193.200 0.100 F3 6
193.300 0.100 G3 6
193.600 0.100 G3 6
193.800 0.100 G3 6
194.000 0.100 G5 6
194.200 0.100 G3 6
194.400 0.100 G3 6
194.600 0.100 D3 6
194.800 0.100 F3 6
194.900 0.100 G3 6
195.200 0.100 G3 6
195.400 0.100 G3 6
195.600 0.100 G5 6
195.800 0.100 G3 6
196.000 0.100 G3 6
196.200 0.100 D3 6
196.400 0.100 F3 6
196.500 0.100 G3 6
196.800 0.100 G3 6
197.000 0.100 G3 6
197.200 0.100 G5 6
197.400 0.100 G3 6
197.600 0.100 G3 6
197.800 0.100 D3 6
198.000 0.100 F3 6
198.100 0.100 G3 6
198.400 0.583 G4 6
199.000 0.783 A#4 6
199.800 0.100 A4 6
199.900 0.100 A#4 6
200.000 0.583 C5 6
200.600 0.583 A#4 6
201.200 0.383 A4 6
201.600 0.583 A#4 6
202.200 0.983 G4 6
203.200 0.300 D4 5
203.500 0.300 A4 5
203.800 1.000 D5 5
204.800 0.583 G4 6
205.400 0.783 A#4 6
206.200 0.100 A4 6
206.300 0.100 A#4 6
206.400 0.583 C5 6
207.000 0.583 A#4 6
207.600 0.383 A4 6
208.000 0.583 A#4 6
208.600 0.983 G4 6
209.600 0.300 D4 5
209.900 0.300 A4 5
210.200 1.000 D5 5
211.300 0.300 G5 5
211.600 0.300 D5 5
211.900 0.267 G5 3
212.200 0.267 D5 3
212.500 0.200 G5 5
212.700 0.100 D5 5
212.900 0.300 G5 5
213.200 0.300 D5 5
213.500 0.267 G5 3
213.800 0.267 D5 3
214.100 0.200 G5 5
214.300 0.100 D5 5
214.500 0.300 G5 5
214.800 0.300 D5 5
215.100 0.267 G5 3
215.400 0.267 D5 3
215.700 0.200 G5 5
215.900 0.100 D5 5
216.100 0.300 G5 5
216.400 0.300 D5 5
216.700 0.267 G5 3
217.000 0.267 D5 3
217.300 0.200 G5 5
217.500 0.100 D5 5
217.600 0.283 G4 5
217.900 0.283 A4 5
218.200 0.183 A#4 5
218.400 0.283 A4 5
218.700 0.283 A#4 5
219.000 0.183 C5 5
219.200 0.283 A#4 5
219.500 0.283 C5 5
219.800 0.183 D5 5
220.000 0.283 C5 5
220.300 0.283 D5 5
220.600 0.183 D#5 5
220.800 1.583 D5 5
222.600 0.200 D5 3
222.800 0.200 C#5 15
223.000 0.200 C5 15
223.200 0.200 B4 15
223.400 0.200 A#4 15
223.600 0.200 A4 15
223.800 0.200 G#4 15
224.000 0.100 G3 6
224.200 0.100 G3 6
224.400 0.100 G5 6
224.600 0.100 G3 6
224.800 0.100 G3 6
225.000 0.100 D3 6
225.200 0.100 F3 6
225.300 0.100 G3 6
225.600 0.100 G3 6
225.800 0.100 G3 6
226.000 0.100 G5 6
226.200 0.100 G3 6
226.400 0.100 G3 6
226.600 0.100 D3 6
226.800 0.100 F3 6
226.900 0.100 G3 6
227.200 0.100 G3 6
227.400 0.100 G3 6
227.600 0.100 G5 6
227.800 0.100 G3 6
228.000 0.100 G3 6
228.200 0.100 D3 6
228.400 0.100 F3 6
228.500 0.100 G3 6
228.800 0.100 G3 6
229.000 0.100 G3 6
229.200 0.100 G5 6
229.400 0.100 G3 6
229.600 0.100 G3 6
229.800 0.100 D3 6
230.000 0.100 F3 6
230.100 0.100 G3 6
230.400 0.583 G4 6
231.000 0.783 A#4 6
231.800 0.100 A4 6
231.900 0.100 A#4 6
232.000 0.583 C5 6
232.600 0.583 A#4 6
233.200 0.383 A4 6
233.600 0.583 A#4 6
234.200 0.983 G4 6
235.200 0.300 D4 5
235.500 0.300 A4 5
235.800 1.000 D5 5
236.800 0.583 G4 6
237.400 0.783 A#4 6
238.200 0.100 A4 6
238.300 0.100 A#4 6
238.400 0.583 C5 6
239.000 0.583 A#4 6
239.600 0.383 A4 6
240.000 0.583 A#4 6
240.600 0.983 G4 6
241.600 0.300 D4 5
241.900 0.300 A4 5
242.200 1.000 D5 5
243.300 0.300 G5 5
243.600 0.300 D5 5
243.900 0.267 G5 3
244.200 0.267 D5 3
244.500 0.200 G5 5
244.700 0.100 D5 5
244.900 0.300 G5 5
245.200 0.300 D5 5
245.500 0.267 G5 3
245.800 0.267 D5 3
246.100 0.200 G5 5
246.300 0.100 D5 5
246.500 0.300 G5 5
246.800 0.300 D5 5
247.100 0.267 G5 3
247.400 0.267 D5 3
247.700 0.200 G5 5
247.900 0.100 D5 5
248.100 0.300 G5 5
248.400 0.300 D5 5
248.700 0.267 G5 3
249.000 0.267 D5 3
249.300 0.200 G5 5
249.500 0.100 D5 5
249.600 0.283 G4 5
249.900 0.283 A4 5
250.200 0.183 A#4 5
250.400 0.283 A4 5
250.700 0.283 A#4 5
251.000 0.183 C5 5
251.200 0.283 A#4 5
251.500 0.283 C5 5
251.800 0.183 D5 5
252.000 0.283 C5 5
252.300 0.283 D5 5
252.600 0.183 D#5 5
252.800 1.583 D5 5
254.600 0.200 D5 3
254.800 0.200 C#5 15
255.000 0.200 C5 15
255.200 0.200 B4 15
255.400 0.200 A#4 15
255.600 0.200 A4 15
255.800 0.200 G#4 15
256.000 0.100 G3 6
256.200 0.100 G3 6
256.400 0.100 G5 6
256.600 0.100 G3 6
256.800 0.100 G3 6
257.000 0.100 D3 6
257.200 0.100 F3 6
257.300 0.100 G3 6
257.600 0.100 G3 6
257.800 0.100 G3 6
258.000 0.100 G5 6
258.200 0.100 G3 6
258.400 0.100 G3 6
258.600 0.100 D3 6
258.800 0.100 F3 6
258.900 0.100 G3 6
259.200 0.100 G3 6
259.400 0.100 G3 6
259.600 0.100 G5 6
259.800 0.100 G3 6
260.000 0.100 G3 6
260.200 0.100 D3 6
260.400 0.100 F3 6
260.500 0.100 G3 6
260.800 0.100 G3 6
261.000 0.100 G3 6
261.200 0.100 G5 6
261.400 0.100 G3 6
261.600 0.100 G3 6
261.800 0.100 D3 6
262.000 0.100 F3 6
262.100 0.100 G3 6
262.400 0.583 G4 6
263.000 0.783 A#4 6
263.800 0.100 A4 6
263.900 0.100 A#4 6
264.000 0.583 C5 6
264.600 0.583 A#4 6
265.200 0.383 A4 6
265.600 0.583 A#4 6
266.200 0.983 G4 6
267.200 0.300 D4 5
267.500 0.300 A4 5
267.800 1.000 D5 5
268.800 0.583 G4 6
269.400 0.783 A#4 6
270.200 0.100 A4 6
270.300 0.100 A#4 6
270.400 0.583 C5 6
271.000 0.583 A#4 6
271.600 0.383 A4 6
272.000 0.583 A#4 6
272.600 0.983 G4 6
273.600 0.300 D4 5
273.900 0.300 A4 5
274.200 1.000 D5 5
275.300 0.300 G5 5
275.600 0.300 D5 5
275.900 0.267 G5 3
276.200 0.267 D5 3
276.500 0.200 G5 5
276.700 0.100 D5 5
276.900 0.300 G5 5
277.200 0.300 D5 5
277.500 0.267 G5 3
277.800 0.267 D5 3
278.100 0.200 G5 5
278.300 0.100 D5 5
278.500 0.300 G5 5
278.800 0.300 D5 5
279.100 0.267 G5 3
279.400 0.267 D5 3
279.700 0.200 G5 5
279.900 0.100 D5 5
280.100 0.300 G5 5
280.400 0.300 D5 5
280.700 0.267 G5 3
281.000 0.267 D5 3
281.300 0.200 G5 5
281.500 0.100 D5 5
281.600 0.283 G4 5
281.900 0.283 A4 5
282.200 0.183 A#4 5
282.400 0.283 A4 5
282.700 0.283 A#4 5
283.000 0.183 C5 5
283.200 0.283 A#4 5
283.500 0.283 C5 5
283.800 0.183 D5 5
284.000 0.283 C5 5
284.300 0.283 D5 5
284.600 0.183 D#5 5
284.800 1.583 D5 5
286.600 0.200 D5 3
286.800 0.200 C#5 15
287.000 0.200 C5 15
287.200 0.200 B4 15
287.400 0.200 A#4 15
287.600 0.200 A4 15
287.800 0.200 G#4 15
288.000 0.100 G3 6
288.200 0.100 G3 6
288.400 0.100 G5 6
288.600 0.100 G3 6
288.800 0.100 G3 6
289.000 0.100 D3 6
289.200 0.100 F3 6
289.300 0.100 G3 6
289.600 0.100 G3 6
289.800 0.100 G3 6
290.000 0.100 G5 6
290.200 0.100 G3 6
290.400 0.100 G3 6
290.600 0.100 D3 6
290.800 0.100 F3 6
290.900 0.100 G3 6
291.200 0.100 G3 6
291.400 0.100 G3 6
291.600 0.100 G5 6
291.800 0.100 G3 6
292.000 0.100 G3 6
292.200 0.100 D3 6
292.400 0.100 F3 6
292.500 0.100 G3 6
292.800 0.100 G3 6
293.000 0.100 G3 6
293.200 0.100 G5 6
293.400 0.100 G3 6
293.600 0.100 G3 6
293.800 0.100 D3 6
294.000 0.100 F3 6
294.100 0.100 G3 6
294.400 0.583 G4 6
295.000 0.783 A#4 6
295.800 0.100 A4 6
295.900 0.100 A#4 6
296.000 0.583 C5 6
296.600 0.583 A#4 6
297.200 0.383 A4 6
297.600 0.583 A#4 6
298.200 0.983 G4 6
299.200 0.300 D4 5
299.500 0.300 A4 5
299.800 3.133 D5 5
Triangle(1611)
time dur note vol
0.000 0.083 G4 15
0.200 0.083 G4 15
0.400 0.083 G4 15
0.600 0.083 G4 15
0.800 0.083 F4 15
1.000 0.083 F4 15
1.200 0.083 F4 15
1.300 0.300 F4 15
1.600 0.083 D#4 15
1.800 0.083 D#4 15
2.000 0.083 D#4 15
2.200 0.083 D#4 15
2.400 0.083 F4 15
2.600 0.083 F4 15
2.800 0.083 F4 15
2.900 0.300 F4 15
3.200 0.083 G4 15
3.400 0.083 G4 15
3.600 0.083 G4 15
3.800 0.083 G4 15
4.000 0.083 F4 15
4.200 0.083 F4 15
4.400 0.083 F4 15
4.500 0.300 F4 15
4.800 0.083 D#4 15
5.000 0.083 D#4 15
5.200 0.083 D#4 15
5.400 0.083 D#4 15
5.600 0.083 F4 15
5.800 0.083 F4 15
6.000 0.083 F4 15
6.100 0.300 F4 15
6.400 0.083 G4 15
6.500 0.083 G4 15
6.700 0.083 G4 15
6.800 0.083 G4 15
7.400 0.083 C4 15
7.500 0.100 D4 15
7.600 0.083 F4 15
7.800 0.100 A4 15
8.000 0.183 G4 15
8.300 0.083 G4 15
8.400 0.083 G4 15
9.000 0.083 C4 15
9.100 0.083 D4 15
9.200 0.083 F4 15
9.400 0.083 A4 15
9.600 0.083 D#4 15
9.700 0.083 D#4 15
9.900 0.083 D#4 15
10.000 0.083 D#4 15
10.600 0.083 A3 15
10.700 0.083 A#3 15
10.800 0.083 D#4 15
11.000 0.083 G4 15
11.200 0.083 D4 15
11.300 0.083 D4 15
11.500 0.083 D4 15
11.600 0.083 D4 15
12.200 0.083 C4 15
12.300 0.083 D4 15
12.400 0.083 F4 15
12.500 0.083 F4 15
12.600 0.100 A4 15
12.800 0.183 G4 15
13.100 0.083 G4 15
13.200 0.083 G4 15
13.800 0.083 C4 15
13.900 0.083 D4 15
14.000 0.083 F4 15
14.200 0.083 A4 15
14.400 0.083 G4 15
14.500 0.083 G4 15
14.700 0.083 G4 15
14.800 0.083 G4 15
15.400 0.083 C4 15
15.500 0.083 D4 15
15.600 0.100 F4 15
15.800 0.083 A4 15
16.000 0.083 D#4 15
16.100 0.083 D#4 15
16.300 0.083 D#4 15
16.400 0.083 D#4 15
17.000 0.083 A3 15
17.100 0.083 A#3 15
17.200 0.083 D#4 15
17.400 0.083 G4 15
17.600 0.183 D4 15
17.900 0.200 D4 15
18.600 0.083 C4 15
18.700 0.083 D4 15
18.800 0.083 F4 15
18.900 0.083 F4 15
19.000 0.083 A4 15
19.200 0.083 G5 15
19.400 0.083 G5 15
19.500 0.083 G5 15
19.600 0.083 G5 15
19.800 0.083 G5 15
19.900 0.083 G5 15
20.000 0.083 F5 15
20.200 0.083 F5 15
20.300 0.083 F5 15
20.400 0.083 F5 15
20.600 0.083 F5 15
20.700 0.083 F5 15
20.800 0.083 E5 15
21.000 0.083 E5 15
21.100 0.083 E5 15
21.200 0.083 E5 15
21.400 0.083 E5 15
21.500 0.083 E5 15
21.600 0.083 D#5 15
21.800 0.083 D#5 15
21.900 0.083 D#5 15
22.000 0.083 D#5 15
22.200 0.083 D5 15
22.300 0.083 D5 15
22.400 0.083 G4 15
22.600 0.083 G5 15
22.700 0.083 G5 15
22.800 0.083 G4 15
23.000 0.083 G5 15
23.100 0.083 G5 15
23.200 0.083 F4 15
23.400 0.083 F5 15
23.500 0.083 F5 15
23.600 0.083 F4 15
23.800 0.083 F5 15
23.900 0.083 F5 15
24.000 0.083 E4 15
24.200 0.083 E5 15
24.300 0.083 E5 15
24.400 0.083 E4 15
24.600 0.083 E5 15
24.700 0.083 E5 15
24.800 0.083 D#4 15
25.000 0.083 D#5 15
25.100 0.083 D#5 15
25.200 0.083 D4 15
25.400 0.083 D5 15
25.500 0.083 D5 15
25.600 0.083 D#4 15
25.800 0.083 D#4 15
25.900 0.083 D#4 15
26.000 0.083 D#4 15
26.400 0.083 D#4 15
26.600 0.083 D#4 15
26.700 0.083 D#4 15
26.800 0.083 D#4 15
27.200 0.083 D#4 15
27.400 0.083 D#4 15
27.500 0.083 D#4 15
27.600 0.083 D#4 15
28.000 0.083 D#4 15
28.200 0.083 D#4 15
28.300 0.083 D#4 15
28.400 0.083 D#4 15
28.800 0.083 D4 15
29.000 0.083 D4 15
29.100 0.083 D4 15
29.200 0.083 D4 15
29.400 0.083 D4 15
29.500 0.083 D4 15
29.600 0.083 D4 15
29.800 0.083 D4 15
29.900 0.083 D4 15
30.000 0.083 D4 15
30.200 0.083 D4 15
30.300 0.083 D4 15
30.400 0.083 D4 15
32.000 0.083 G4 15
32.200 0.083 G4 15
32.400 0.083 G4 15
32.600 0.083 G4 15
32.800 0.083 F4 15
33.000 0.083 F4 15
33.200 0.083 F4 15
33.300 0.300 F4 15
33.600 0.083 D#4 15
33.800 0.083 D#4 15
34.000 0.083 D#4 15
34.200 0.083 D#4 15
34.400 0.083 F4 15
34.600 0.083 F4 15
34.800 0.083 F4 15
34.900 0.300 F4 15
35.200 0.083 G4 15
35.400 0.083 G4 15
35.600 0.083 G4 15
35.800 0.083 G4 15
36.000 0.083 F4 15
36.200 0.083 F4 15
36.400 0.083 F4 15
36.500 0.300 F4 15
36.800 0.083 D#4 15
37.000 0.083 D#4 15
37.200 0.083 D#4 15
37.400 0.083 D#4 15
37.600 0.083 F4 15
37.800 0.083 F4 15
38.000 0.083 F4 15
38.100 0.300 F4 15
38.400 0.083 G4 15
38.500 0.083 G4 15
38.700 0.083 G4 15
38.800 0.083 G4 15
39.400 0.083 C4 15
39.500 0.083 D4 15
39.600 0.083 F4 15
39.800 0.083 A4 15
40.000 0.083 G4 15
40.100 0.100 G4 15
40.300 0.083 G4 15
40.400 0.083 G4 15
41.000 0.083 C4 15
41.100 0.083 D4 15
41.200 0.083 F4 15
41.400 0.083 A4 15
41.600 0.083 D#4 15
41.700 0.083 D#4 15
41.900 0.083 D#4 15
42.000 0.083 D#4 15
42.600 0.100 A3 15
42.700 0.083 A#3 15
42.800 0.083 D#4 15
43.000 0.100 G4 15
43.200 0.083 D4 15
43.300 0.083 D4 15
43.500 0.083 D4 15
43.600 0.083 D4 15
44.200 0.083 C4 15
44.300 0.083 D4 15
44.400 0.083 F4 15
44.500 0.083 F4 15
44.600 0.083 A4 15
44.800 0.083 G4 15
44.900 0.083 G4 15
45.100 0.083 G4 15
45.200 0.083 G4 15
45.800 0.083 C4 15
45.900 0.083 D4 15
46.000 0.083 F4 15
46.200 0.083 A4 15
46.400 0.083 G4 15
46.500 0.083 G4 15
46.700 0.083 G4 15
46.800 0.083 G4 15
47.400 0.083 C4 15
47.500 0.083 D4 15
47.600 0.083 F4 15
47.800 0.100 A4 15
48.000 0.083 D#4 15
48.100 0.083 D#4 15
48.300 0.083 D#4 15
48.400 0.083 D#4 15
49.000 0.083 A3 15
49.100 0.083 A#3 15
49.200 0.083 D#4 15
49.400 0.083 G4 15
49.600 0.083 D4 15
49.700 0.083 D4 15
49.900 0.083 D4 15
50.000 0.083 D4 15
50.600 0.100 C4 15
50.700 0.083 D4 15
50.800 0.083 F4 15
50.900 0.083 F4 15
51.000 0.083 A4 15
51.200 0.083 G5 15
51.400 0.083 G5 15
51.500 0.083 G5 15
51.600 0.083 G5 15
51.800 0.083 G5 15
51.900 0.083 G5 15
52.000 0.083 F5 15
52.200 0.083 F5 15
52.300 0.083 F5 15
52.400 0.083 F5 15
52.600 0.083 F5 15
52.700 0.083 F5 15
52.800 0.083 E5 15
53.000 0.083 E5 15
53.100 0.083 E5 15
53.200 0.083 E5 15
53.400 0.083 E5 15
53.500 0.083 E5 15
53.600 0.083 D#5 15
53.800 0.083 D#5 15
53.900 0.083 D#5 15
54.000 0.083 D#5 15
54.200 0.083 D5 15
54.300 0.083 D5 15
54.400 0.083 G4 15
54.600 0.083 G5 15
54.700 0.083 G5 15
54.800 0.083 G4 15
55.000 0.083 G5 15
55.100 0.083 G5 15
55.200 0.083 F4 15
55.400 0.083 F5 15
55.500 0.083 F5 15
55.600 0.083 F4 15
55.800 0.083 F5 15
55.900 0.083 F5 15
56.000 0.083 E4 15
56.200 0.083 E5 15
56.300 0.083 E5 15
56.400 0.083 E4 15
56.600 0.083 E5 15
56.700 0.083 E5 15
56.800 0.083 D#4 15
57.000 0.083 D#5 15
57.100 0.083 D#5 15
57.200 0.083 D4 15
57.400 0.083 D5 15
57.500 0.083 D5 15
57.600 0.083 D#4 15
57.800 0.083 D#4 15
57.900 0.083 D#4 15
58.000 0.083 D#4 15
58.400 0.083 D#4 15
58.600 0.083 D#4 15
58.700 0.083 D#4 15
58.800 0.083 D#4 15
59.200 0.083 D#4 15
59.400 0.083 D#4 15
59.500 0.083 D#4 15
59.600 0.083 D#4 15
60.000 0.083 D#4 15
60.200 0.083 D#4 15
60.300 0.083 D#4 15
60.400 0.083 D#4 15
60.800 0.083 D4 15
61.000 0.083 D4 15
61.100 0.083 D4 15
61.200 0.083 D4 15
61.400 0.083 D4 15
61.500 0.083 D4 15
61.600 0.083 D4 15
61.800 0.083 D4 15
61.900 0.083 D4 15
62.000 0.083 D4 15
62.200 0.083 D4 15
62.300 0.083 D4 15
62.400 0.083 D4 15
64.000 0.083 G4 15
64.200 0.083 G4 15
64.400 0.083 G4 15
64.600 0.083 G4 15
64.800 0.083 F4 15
65.000 0.083 F4 15
65.200 0.083 F4 15
65.300 0.300 F4 15
65.600 0.083 D#4 15
65.800 0.083 D#4 15
66.000 0.083 D#4 15
66.200 0.083 D#4 15
66.400 0.083 F4 15
66.600 0.083 F4 15
66.800 0.083 F4 15
66.900 0.300 F4 15
67.200 0.083 G4 15
67.400 0.083 G4 15
67.600 0.083 G4 15
67.800 0.083 G4 15
68.000 0.083 F4 15
68.200 0.083 F4 15
68.400 0.083 F4 15
68.500 0.300 F4 15
68.800 0.083 D#4 15
69.000 0.083 D#4 15
69.200 0.083 D#4 15
69.400 0.083 D#4 15
69.600 0.083 F4 15
69.800 0.083 F4 15
70.000 0.083 F4 15
70.100 0.300 F4 15
70.400 0.200 G4 15
70.700 0.083 G4 15
70.800 0.083 G4 15
71.400 0.083 C4 15
71.500 0.083 D4 15
71.600 0.083 F4 15
71.800 0.083 A4 15
72.000 0.083 G4 15
72.100 0.083 G4 15
72.300 0.083 G4 15
72.400 0.083 G4 15
73.000 0.083 C4 15
73.100 0.083 D4 15
73.200 0.100 F4 15
73.400 0.083 A4 15
73.600 0.083 D#4 15
73.700 0.083 D#4 15
73.900 0.083 D#4 15
74.000 0.083 D#4 15
74.600 0.083 A3 15
74.700 0.083 A#3 15
74.800 0.083 D#4 15
75.000 0.083 G4 15
75.200 0.083 D4 15
75.300 0.100 D4 15
75.500 0.083 D4 15
75.600 0.100 D4 15
76.200 0.083 C4 15
76.300 0.083 D4 15
76.400 0.083 F4 15
76.500 0.083 F4 15
76.600 0.083 A4 15
76.800 0.083 G4 15
76.900 0.083 G4 15
77.100 0.083 G4 15
77.200 0.083 G4 15
77.800 0.083 C4 15
77.900 0.083 D4 15
78.000 0.100 F4 15
78.200 0.100 A4 15
78.400 0.083 G4 15
78.500 0.083 G4 15
78.700 0.083 G4 15
78.800 0.083 G4 15
79.400 0.083 C4 15
79.500 0.083 D4 15
79.600 0.083 F4 15
79.800 0.083 A4 15
80.000 0.083 D#4 15
80.100 0.083 D#4 15
80.300 0.083 D#4 15
80.400 0.100 D#4 15
81.000 0.083 A3 15
81.100 0.083 A#3 15
81.200 0.083 D#4 15
81.400 0.083 G4 15
81.600 0.083 D4 15
81.700 0.083 D4 15
81.900 0.083 D4 15
82.000 0.083 D4 15
82.600 0.083 C4 15
82.700 0.083 D4 15
82.800 0.200 F4 15
83.000 0.100 A4 15
83.200 0.083 G5 15
83.400 0.083 G5 15
83.500 0.083 G5 15
83.600 0.083 G5 15
83.800 0.083 G5 15
83.900 0.083 G5 15
84.000 0.083 F5 15
84.200 0.083 F5 15
84.300 0.083 F5 15
84.400 0.083 F5 15
84.600 0.083 F5 15
84.700 0.083 F5 15
84.800 0.083 E5 15
85.000 0.083 E5 15
85.100 0.083 E5 15
85.200 0.083 E5 15
85.400 0.083 E5 15
85.500 0.083 E5 15
85.600 0.083 D#5 15
85.800 0.083 D#5 15
85.900 0.083 D#5 15
86.000 0.083 D#5 15
86.200 0.083 D5 15
86.300 0.083 D5 15
86.400 0.083 G4 15
86.600 0.083 G5 15
86.700 0.083 G5 15
86.800 0.083 G4 15
87.000 0.083 G5 15
87.100 0.083 G5 15
87.200 0.083 F4 15
87.400 0.083 F5 15
87.500 0.083 F5 15
87.600 0.083 F4 15
87.800 0.083 F5 15
87.900 0.083 F5 15
88.000 0.083 E4 15
88.200 0.083 E5 15
88.300 0.083 E5 15
88.400 0.083 E4 15
88.600 0.083 E5 15
88.700 0.083 E5 15
88.800 0.083 D#4 15
89.000 0.083 D#5 15
89.100 0.083 D#5 15
89.200 0.083 D4 15
89.400 0.083 D5 15
89.500 0.083 D5 15
89.600 0.083 D#4 15
89.800 0.083 D#4 15
89.900 0.083 D#4 15
90.000 0.083 D#4 15
90.400 0.083 D#4 15
90.600 0.083 D#4 15
90.700 0.083 D#4 15
90.800 0.083 D#4 15
91.200 0.083 D#4 15
91.400 0.083 D#4 15
91.500 0.083 D#4 15
91.600 0.083 D#4 15
92.000 0.083 D#4 15
92.200 0.083 D#4 15
92.300 0.083 D#4 15
92.400 0.083 D#4 15
92.800 0.083 D4 15
93.000 0.083 D4 15
93.100 0.083 D4 15
93.200 0.083 D4 15
93.400 0.083 D4 15
93.500 0.083 D4 15
93.600 0.083 D4 15
93.800 0.083 D4 15
93.900 0.083 D4 15
94.000 0.083 D4 15
94.200 0.083 D4 15
94.300 0.083 D4 15
94.400 0.083 D4 15
96.000 0.083 G4 15
96.200 0.083 G4 15
96.400 0.083 G4 15
96.600 0.083 G4 15
96.800 0.083 F4 15
97.000 0.083 F4 15
97.200 0.083 F4 15
97.300 0.300 F4 15
97.600 0.083 D#4 15
97.800 0.083 D#4 15
98.000 0.083 D#4 15
98.200 0.083 D#4 15
98.400 0.083 F4 15
98.600 0.083 F4 15
98.800 0.083 F4 15
98.900 0.300 F4 15
99.200 0.083 G4 15
99.400 0.083 G4 15
99.600 0.083 G4 15
99.800 0.083 G4 15
100.000 0.083 F4 15
100.200 0.083 F4 15
100.400 0.083 F4 15
100.500 0.300 F4 15
100.800 0.083 D#4 15
101.000 0.083 D#4 15
101.200 0.083 D#4 15
101.400 0.083 D#4 15
101.600 0.083 F4 15
101.800 0.083 F4 15
102.000 0.083 F4 15
102.100 0.300 F4 15
102.400 0.083 G4 15
102.500 0.083 G4 15
102.700 0.083 G4 15
102.800 0.083 G4 15
103.400 0.083 C4 15
103.500 0.083 D4 15
103.600 0.083 F4 15
103.800 0.083 A4 15
104.000 0.083 G4 15
104.100 0.083 G4 15
104.300 0.083 G4 15
104.400 0.083 G4 15
105.000 0.083 C4 15
105.100 0.083 D4 15
105.200 0.083 F4 15
105.400 0.100 A4 15
105.600 0.183 D#4 15
105.900 0.083 D#4 15
106.000 0.083 D#4 15
106.600 0.083 A3 15
106.700 0.083 A#3 15
106.800 0.083 D#4 15
107.000 0.083 G4 15
107.200 0.083 D4 15
107.300 0.083 D4 15
107.500 0.083 D4 15
107.600 0.083 D4 15
108.200 0.083 C4 15
108.300 0.100 D4 15
108.400 0.083 F4 15
108.500 0.083 F4 15
108.600 0.083 A4 15
108.800 0.183 G4 15
109.100 0.083 G4 15
109.200 0.083 G4 15
109.800 0.083 C4 15
109.900 0.083 D4 15
110.000 0.083 F4 15
110.200 0.083 A4 15
110.400 0.183 G4 15
110.700 0.200 G4 15
111.400 0.083 C4 15
111.500 0.083 D4 15
111.600 0.083 F4 15
111.800 0.083 A4 15
112.000 0.083 D#4 15
112.100 0.083 D#4 15
112.300 0.083 D#4 15
112.400 0.083 D#4 15
113.000 0.083 A3 15
113.100 0.100 A#3 15
113.200 0.100 D#4 15
113.400 0.083 G4 15
113.600 0.183 D4 15
113.900 0.083 D4 15
114.000 0.083 D4 15
114.600 0.083 C4 15
114.700 0.083 D4 15
114.800 0.083 F4 15
114.900 0.083 F4 15
115.000 0.083 A4 15
115.200 0.083 G5 15
115.400 0.083 G5 15
115.500 0.083 G5 15
115.600 0.083 G5 15
115.800 0.083 G5 15
115.900 0.083 G5 15
116.000 0.083 F5 15
116.200 0.083 F5 15
116.300 0.083 F5 15
116.400 0.083 F5 15
116.600 0.083 F5 15
116.700 0.083 F5 15
116.800 0.083 E5 15
117.000 0.083 E5 15
117.100 0.083 E5 15
117.200 0.083 E5 15
117.400 0.083 E5 15
117.500 0.083 E5 15
117.600 0.083 D#5 15
117.800 0.083 D#5 15
117.900 0.083 D#5 15
118.000 0.083 D#5 15
118.200 0.083 D5 15
118.300 0.083 D5 15
118.400 0.083 G4 15
118.600 0.083 G5 15
118.700 0.083 G5 15
118.800 0.083 G4 15
119.000 0.083 G5 15
119.100 0.083 G5 15
119.200 0.083 F4 15
119.400 0.083 F5 15
119.500 0.083 F5 15
119.600 0.083 F4 15
119.800 0.083 F5 15
119.900 0.083 F5 15
120.000 0.083 E4 15
120.200 0.083 E5 15
120.300 0.083 E5 15
120.400 0.083 E4 15
120.600 0.083 E5 15
120.700 0.083 E5 15
120.800 0.083 D#4 15
121.000 0.083 D#5 15
121.100 0.083 D#5 15
121.200 0.083 D4 15
121.400 0.083 D5 15
121.500 0.083 D5 15
121.600 0.083 D#4 15
121.800 0.083 D#4 15
121.900 0.083 D#4 15
122.000 0.083 D#4 15
122.400 0.083 D#4 15
122.600 0.083 D#4 15
122.700 0.083 D#4 15
122.800 0.083 D#4 15
123.200 0.083 D#4 15
123.400 0.083 D#4 15
123.500 0.083 D#4 15
123.600 0.083 D#4 15
124.000 0.083 D#4 15
124.200 0.083 D#4 15
124.300 0.083 D#4 15
124.400 0.083 D#4 15
124.800 0.083 D4 15
125.000 0.083 D4 15
125.100 0.083 D4 15
125.200 0.083 D4 15
125.400 0.083 D4 15
125.500 0.083 D4 15
125.600 0.083 D4 15
125.800 0.083 D4 15
125.900 0.083 D4 15
126.000 0.083 D4 15
126.200 0.083 D4 15
126.300 0.083 D4 15
126.400 0.083 D4 15
128.000 0.083 G4 15
128.200 0.083 G4 15
128.400 0.083 G4 15
128.600 0.083 G4 15
128.800 0.083 F4 15
129.000 0.083 F4 15
129.200 0.083 F4 15
129.300 0.300 F4 15
129.600 0.083 D#4 15
129.800 0.083 D#4 15
130.000 0.083 D#4 15
130.200 0.083 D#4 15
130.400 0.083 F4 15
130.600 0.083 F4 15
130.800 0.083 F4 15
130.900 0.300 F4 15
131.200 0.083 G4 15
131.400 0.083 G4 15
131.600 0.083 G4 15
131.800 0.083 G4 15
132.000 0.083 F4 15
132.200 0.083 F4 15
132.400 0.083 F4 15
132.500 0.300 F4 15
132.800 0.083 D#4 15
133.000 0.083 D#4 15
133.200 0.083 D#4 15
133.400 0.083 D#4 15
133.600 0.083 F4 15
133.800 0.083 F4 15
134.000 0.083 F4 15
134.100 0.300 F4 15
134.400 0.083 G4 15
134.500 0.083 G4 15
134.700 0.083 G4 15
134.800 0.083 G4 15
135.400 0.083 C4 15
135.500 0.083 D4 15
135.600 0.083 F4 15
135.800 0.100 A4 15
136.000 0.083 G4 15
136.100 0.083 G4 15
136.300 0.083 G4 15
136.400 0.083 G4 15
137.000 0.083 C4 15
137.100 0.083 D4 15
137.200 0.083 F4 15
137.400 0.083 A4 15
137.600 0.083 D#4 15
137.700 0.083 D#4 15
137.900 0.083 D#4 15
138.000 0.083 D#4 15
138.600 0.083 A3 15
138.700 0.083 A#3 15
138.800 0.083 D#4 15
139.000 0.083 G4 15
139.200 0.083 D4 15
139.300 0.083 D4 15
139.500 0.083 D4 15
139.600 0.083 D4 15
140.200 0.083 C4 15
140.300 0.083 D4 15
140.400 0.083 F4 15
140.500 0.100 F4 15
140.600 0.100 A4 15
140.800 0.083 G4 15
140.900 0.083 G4 15
141.100 0.083 G4 15
141.200 0.083 G4 15
141.800 0.083 C4 15
141.900 0.083 D4 15
142.000 0.083 F4 15
142.200 0.083 A4 15
142.400 0.083 G4 15
142.500 0.083 G4 15
142.700 0.083 G4 15
142.800 0.083 G4 15
143.400 0.100 C4 15
143.500 0.100 D4 15
143.600 0.100 F4 15
143.800 0.083 A4 15
144.000 0.083 D#4 15
144.100 0.083 D#4 15
144.300 0.083 D#4 15
144.400 0.083 D#4 15
145.000 0.083 A3 15
145.100 0.083 A#3 15
145.200 0.083 D#4 15
145.400 0.083 G4 15
145.600 0.083 D4 15
145.700 0.083 D4 15
145.900 0.200 D4 15
146.600 0.083 C4 15
146.700 0.083 D4 15
146.800 0.083 F4 15
146.900 0.083 F4 15
147.000 0.083 A4 15
147.200 0.083 G5 15
147.400 0.083 G5 15
147.500 0.083 G5 15
147.600 0.083 G5 15
147.800 0.083 G5 15
147.900 0.083 G5 15
148.000 0.083 F5 15
148.200 0.083 F5 15
148.300 0.083 F5 15
148.400 0.083 F5 15
148.600 0.083 F5 15
148.700 0.083 F5 15
148.800 0.083 E5 15
149.000 0.083 E5 15
149.100 0.083 E5 15
149.200 0.083 E5 15
149.400 0.083 E5 15
149.500 0.083 E5 15
149.600 0.083 D#5 15
149.800 0.083 D#5 15
149.900 0.083 D#5 15
150.000 0.083 D#5 15
150.200 0.083 D5 15
150.300 0.083 D5 15
150.400 0.083 G4 15
150.600 0.083 G5 15
150.700 0.083 G5 15
150.800 0.083 G4 15
151.000 0.083 G5 15
151.100 0.083 G5 15
151.200 0.083 F4 15
151.400 0.083 F5 15
151.500 0.083 F5 15
151.600 0.083 F4 15
151.800 0.083 F5 15
151.900 0.083 F5 15
152.000 0.083 E4 15
152.200 0.083 E5 15
152.300 0.083 E5 15
152.400 0.083 E4 15
152.600 0.083 E5 15
152.700 0.083 E5 15
152.800 0.083 D#4 15
153.000 0.083 D#5 15
153.100 0.083 D#5 15
153.200 0.083 D4 15
153.400 0.083 D5 15
153.500 0.083 D5 15
153.600 0.083 D#4 15
153.800 0.083 D#4 15
153.900 0.083 D#4 15
154.000 0.083 D#4 15
154.400 0.083 D#4 15
154.600 0.083 D#4 15
154.700 0.083 D#4 15
154.800 0.083 D#4 15
155.200 0.083 D#4 15
155.400 0.083 D#4 15
155.500 0.083 D#4 15
155.600 0.083 D#4 15
156.000 0.083 D#4 15
156.200 0.083 D#4 15
156.300 0.083 D#4 15
156.400 0.083 D#4 15
156.800 0.083 D4 15
157.000 0.083 D4 15
157.100 0.083 D4 15
157.200 0.083 D4 15
157.400 0.083 D4 15
157.500 0.083 D4 15
157.600 0.083 D4 15
157.800 0.083 D4 15
157.900 0.083 D4 15
158.000 0.083 D4 15
158.200 0.083 D4 15
158.300 0.083 D4 15
158.400 0.083 D4 15
160.000 0.083 G4 15
160.200 0.083 G4 15
160.400 0.083 G4 15
160.600 0.083 G4 15
160.800 0.083 F4 15
161.000 0.083 F4 15
161.200 0.083 F4 15
161.300 0.300 F4 15
161.600 0.083 D#4 15
161.800 0.083 D#4 15
162.000 0.083 D#4 15
162.200 0.083 D#4 15
162.400 0.083 F4 15
162.600 0.083 F4 15
162.800 0.083 F4 15
162.900 0.300 F4 15
163.200 0.083 G4 15
163.400 0.083 G4 15
163.600 0.083 G4 15
163.800 0.083 G4 15
164.000 0.083 F4 15
164.200 0.083 F4 15
164.400 0.083 F4 15
164.500 0.300 F4 15
164.800 0.083 D#4 15
165.000 0.083 D#4 15
165.200 0.083 D#4 15
165.400 0.083 D#4 15
165.600 0.083 F4 15
165.800 0.083 F4 15
166.000 0.083 F4 15
166.100 0.300 F4 15
166.400 0.083 G4 15
166.500 0.083 G4 15
166.700 0.083 G4 15
166.800 0.083 G4 15
167.400 0.083 C4 15
167.500 0.083 D4 15
167.600 0.083 F4 15
167.800 0.083 A4 15
168.000 0.083 G4 15
168.100 0.083 G4 15
168.300 0.083 G4 15
168.400 0.100 G4 15
169.000 0.083 C4 15
169.100 0.083 D4 15
169.200 0.083 F4 15
169.400 0.083 A4 15
169.600 0.083 D#4 15
169.700 0.083 D#4 15
169.900 0.083 D#4 15
170.000 0.083 D#4 15
170.600 0.083 A3 15
170.700 0.083 A#3 15
170.800 0.100 D#4 15
171.000 0.100 G4 15
171.200 0.083 D4 15
171.300 0.083 D4 15
171.500 0.083 D4 15
171.600 0.083 D4 15
172.200 0.083 C4 15
172.300 0.083 D4 15
172.400 0.083 F4 15
172.500 0.083 F4 15
172.600 0.083 A4 15
172.800 0.083 G4 15
172.900 0.083 G4 15
173.100 0.083 G4 15
173.200 0.100 G4 15
173.800 0.083 C4 15
173.900 0.083 D4 15
174.000 0.083 F4 15
174.200 0.083 A4 15
174.400 0.083 G4 15
174.500 0.083 G4 15
174.700 0.083 G4 15
174.800 0.083 G4 15
175.400 0.083 C4 15
175.500 0.083 D4 15
175.600 0.083 F4 15
175.800 0.100 A4 15
176.000 0.083 D#4 15
176.100 0.100 D#4 15
176.300 0.083 D#4 15
176.400 0.083 D#4 15
177.000 0.083 A3 15
177.100 0.083 A#3 15
177.200 0.083 D#4 15
177.400 0.083 G4 15
177.600 0.083 D4 15
177.700 0.083 D4 15
177.900 0.083 D4 15
178.000 0.083 D4 15
178.600 0.100 C4 15
178.700 0.083 D4 15
178.800 0.083 F4 15
178.900 0.083 F4 15
179.000 0.083 A4 15
179.200 0.083 G5 15
179.400 0.083 G5 15
179.500 0.083 G5 15
179.600 0.083 G5 15
179.800 0.083 G5 15
179.900 0.083 G5 15
180.000 0.083 F5 15
180.200 0.083 F5 15
180.300 0.083 F5 15
180.400 0.083 F5 15
180.600 0.083 F5 15
180.700 0.083 F5 15
180.800 0.083 E5 15
181.000 0.083 E5 15
181.100 0.083 E5 15
181.200 0.083 E5 15
181.400 0.083 E5 15
181.500 0.083 E5 15
181.600 0.083 D#5 15
181.800 0.083 D#5 15
181.900 0.083 D#5 15
182.000 0.083 D#5 15
182.200 0.083 D5 15
182.300 0.083 D5 15
182.400 0.083 G4 15
182.600 0.083 G5 15
182.700 0.083 G5 15
182.800 0.083 G4 15
183.000 0.083 G5 15
183.100 0.083 G5 15
183.200 0.083 F4 15
183.400 0.083 F5 15
183.500 0.083 F5 15
183.600 0.083 F4 15
183.800 0.083 F5 15
183.900 0.083 F5 15
184.000 0.083 E4 15
184.200 0.083 E5 15
184.300 0.083 E5 15
184.400 0.083 E4 15
184.600 0.083 E5 15
184.700 0.083 E5 15
184.800 0.083 D#4 15
185.000 0.083 D#5 15
185.100 0.083 D#5 15
185.200 0.083 D4 15
185.400 0.083 D5 15
185.500 0.083 D5 15
185.600 0.083 D#4 15
185.800 0.083 D#4 15
185.900 0.083 D#4 15
186.000 0.083 D#4 15
186.400 0.083 D#4 15
186.600 0.083 D#4 15
186.700 0.083 D#4 15
186.800 0.083 D#4 15
187.200 0.083 D#4 15
187.400 0.083 D#4 15
187.500 0.083 D#4 15
187.600 0.083 D#4 15
188.000 0.083 D#4 15
188.200 0.083 D#4 15
188.300 0.083 D#4 15
188.400 0.083 D#4 15
188.800 0.083 D4 15
189.000 0.083 D4 15
189.100 0.083 D4 15
189.200 0.083 D4 15
189.400 0.083 D4 15
189.500 0.083 D4 15
189.600 0.083 D4 15
189.800 0.083 D4 15
189.900 0.083 D4 15
190.000 0.083 D4 15
190.200 0.083 D4 15
190.300 0.083 D4 15
190.400 0.083 D4 15
192.000 0.083 G4 15
192.200 0.083 G4 15
192.400 0.083 G4 15
192.600 0.083 G4 15
192.800 0.083 F4 15
193.000 0.083 F4 15
193.200 0.083 F4 15
193.300 0.300 F4 15
193.600 0.083 D#4 15
193.800 0.083 D#4 15
194.000 0.083 D#4 15
194.200 0.083 D#4 15
194.400 0.083 F4 15
194.600 0.083 F4 15
194.800 0.083 F4 15
194.900 0.300 F4 15
195.200 0.083 G4 15
195.400 0.083 G4 15
195.600 0.083 G4 15
195.800 0.083 G4 15
196.000 0.083 F4 15
196.200 0.083 F4 15
196.400 0.083 F4 15
196.500 0.300 F4 15
196.800 0.083 D#4 15
197.000 0.083 D#4 15
197.200 0.083 D#4 15
197.400 0.083 D#4 15
197.600 0.083 F4 15
197.800 0.083 F4 15
198.000 0.083 F4 15
198.100 0.300 F4 15
198.400 0.183 G4 15
198.700 0.183 G4 15
199.400 0.083 C4 15
199.500 0.083 D4 15
199.600 0.083 F4 15
199.800 0.083 A4 15
200.000 0.083 G4 15
200.100 0.083 G4 15
200.300 0.083 G4 15
200.400 0.083 G4 15
201.000 0.083 C4 15
201.100 0.100 D4 15
201.200 0.100 F4 15
201.400 0.083 A4 15
201.600 0.083 D#4 15
201.700 0.083 D#4 15
201.900 0.083 D#4 15
202.000 0.083 D#4 15
202.600 0.083 A3 15
202.700 0.083 A#3 15
202.800 0.083 D#4 15
203.000 0.083 G4 15
203.200 0.083 D4 15
203.300 0.083 D4 15
203.500 0.200 D4 15
204.200 0.083 C4 15
204.300 0.083 D4 15
204.400 0.083 F4 15
204.500 0.083 F4 15
204.600 0.083 A4 15
204.800 0.083 G4 15
204.900 0.083 G4 15
205.100 0.083 G4 15
205.200 0.083 G4 15
205.800 0.083 C4 15
205.900 0.100 D4 15
206.000 0.100 F4 15
206.200 0.083 A4 15
206.400 0.183 G4 15
206.700 0.083 G4 15
206.800 0.083 G4 15
207.400 0.083 C4 15
207.500 0.083 D4 15
207.600 0.083 F4 15
207.800 0.083 A4 15
208.000 0.083 D#4 15
208.100 0.083 D#4 15
208.300 0.200 D#4 15
209.000 0.083 A3 15
209.100 0.083 A#3 15
209.200 0.083 D#4 15
209.400 0.083 G4 15
209.600 0.083 D4 15
209.700 0.083 D4 15
209.900 0.083 D4 15
210.000 0.083 D4 15
210.600 0.083 C4 15
210.700 0.083 D4 15
210.800 0.200 F4 15
211.000 0.083 A4 15
211.200 0.083 G5 15
211.400 0.083 G5 15
211.500 0.083 G5 15
211.600 0.083 G5 15
211.800 0.083 G5 15
211.900 0.083 G5 15
212.000 0.083 F5 15
212.200 0.083 F5 15
212.300 0.083 F5 15
212.400 0.083 F5 15
212.600 0.083 F5 15
212.700 0.083 F5 15
212.800 0.083 E5 15
213.000 0.083 E5 15
213.100 0.083 E5 15
213.200 0.083 E5 15
213.400 0.083 E5 15
213.500 0.083 E5 15
213.600 0.083 D#5 15
213.800 0.083 D#5 15
213.900 0.083 D#5 15
214.000 0.083 D#5 15
214.200 0.083 D5 15
214.300 0.083 D5 15
214.400 0.083 G4 15
214.600 0.083 G5 15
214.700 0.083 G5 15
214.800 0.083 G4 15
215.000 0.083 G5 15
215.100 0.083 G5 15
215.200 0.083 F4 15
215.400 0.083 F5 15
215.500 0.083 F5 15
215.600 0.083 F4 15
215.800 0.083 F5 15
215.900 0.083 F5 15
216.000 0.083 E4 15
216.200 0.083 E5 15
216.300 0.083 E5 15
216.400 0.083 E4 15
216.600 0.083 E5 15
216.700 0.083 E5 15
216.800 0.083 D#4 15
217.000 0.083 D#5 15
217.100 0.083 D#5 15
217.200 0.083 D4 15
217.400 0.083 D5 15
217.500 0.083 D5 15
217.600 0.083 D#4 15
217.800 0.083 D#4 15
217.900 0.083 D#4 15
218.000 0.083 D#4 15
218.400 0.083 D#4 15
218.600 0.083 D#4 15
218.700 0.083 D#4 15
218.800 0.083 D#4 15
219.200 0.083 D#4 15
219.400 0.083 D#4 15
219.500 0.083 D#4 15
219.600 0.083 D#4 15
220.000 0.083 D#4 15
220.200 0.083 D#4 15
220.300 0.083 D#4 15
220.400 0.083 D#4 15
220.800 0.083 D4 15
221.000 0.083 D4 15
221.100 0.083 D4 15
221.200 0.083 D4 15
221.400 0.083 D4 15
221.500 0.083 D4 15
221.600 0.083 D4 15
221.800 0.083 D4 15
221.900 0.083 D4 15
222.000 0.083 D4 15
222.200 0.083 D4 15
222.300 0.083 D4 15
222.400 0.083 D4 15
224.000 0.083 G4 15
224.200 0.083 G4 15
224.400 0.083 G4 15
224.600 0.083 G4 15
224.800 0.083 F4 15
225.000 0.083 F4 15
225.200 0.083 F4 15
225.300 0.300 F4 15
225.600 0.083 D#4 15
225.800 0.083 D#4 15
226.000 0.083 D#4 15
226.200 0.083 D#4 15
226.400 0.083 F4 15
226.600 0.083 F4 15
226.800 0.083 F4 15
226.900 0.300 F4 15
227.200 0.083 G4 15
227.400 0.083 G4 15
227.600 0.083 G4 15
227.800 0.083 G4 15
228.000 0.083 F4 15
228.200 0.083 F4 15
228.400 0.083 F4 15
228.500 0.300 F4 15
228.800 0.083 D#4 15
229.000 0.083 D#4 15
229.200 0.083 D#4 15
229.400 0.083 D#4 15
229.600 0.083 F4 15
229.800 0.083 F4 15
230.000 0.083 F4 15
230.100 0.300 F4 15
230.400 0.083 G4 15
230.500 0.083 G4 15
230.700 0.083 G4 15
230.800 0.083 G4 15
231.400 0.083 C4 15
231.500 0.083 D4 15
231.600 0.083 F4 15
231.800 0.083 A4 15
232.000 0.083 G4 15
232.100 0.083 G4 15
232.300 0.083 G4 15
232.400 0.083 G4 15
233.000 0.083 C4 15
233.100 0.083 D4 15
233.200 0.083 F4 15
233.400 0.100 A4 15
233.600 0.083 D#4 15
233.700 0.083 D#4 15
233.900 0.183 D#4 15
234.600 0.083 A3 15
234.700 0.083 A#3 15
234.800 0.083 D#4 15
235.000 0.083 G4 15
235.200 0.083 D4 15
235.300 0.083 D4 15
235.500 0.083 D4 15
235.600 0.083 D4 15
236.200 0.100 C4 15
236.300 0.100 D4 15
236.400 0.183 F4 15
236.600 0.083 A4 15
236.800 0.183 G4 15
237.100 0.083 G4 15
237.200 0.083 G4 15
237.800 0.083 C4 15
237.900 0.083 D4 15
238.000 0.083 F4 15
238.200 0.083 A4 15
238.400 0.083 G4 15
238.500 0.083 G4 15
238.700 0.200 G4 15
239.400 0.083 C4 15
239.500 0.083 D4 15
239.600 0.083 F4 15
239.800 0.083 A4 15
240.000 0.083 D#4 15
240.100 0.083 D#4 15
240.300 0.083 D#4 15
240.400 0.083 D#4 15
241.000 0.100 A3 15
241.100 0.100 A#3 15
241.200 0.100 D#4 15
241.400 0.083 G4 15
241.600 0.183 D4 15
241.900 0.083 D4 15
242.000 0.083 D4 15
242.600 0.083 C4 15
242.700 0.083 D4 15
242.800 0.083 F4 15
242.900 0.083 F4 15
243.000 0.083 A4 15
243.200 0.083 G5 15
243.400 0.083 G5 15
243.500 0.083 G5 15
243.600 0.083 G5 15
243.800 0.083 G5 15
243.900 0.083 G5 15
244.000 0.083 F5 15
244.200 0.083 F5 15
244.300 0.083 F5 15
244.400 0.083 F5 15
244.600 0.083 F5 15
244.700 0.083 F5 15
244.800 0.083 E5 15
245.000 0.083 E5 15
245.100 0.083 E5 15
245.200 0.083 E5 15
245.400 0.083 E5 15
245.500 0.083 E5 15
245.600 0.083 D#5 15
245.800 0.083 D#5 15
245.900 0.083 D#5 15
246.000 0.083 D#5 15
246.200 0.083 D5 15
246.300 0.083 D5 15
246.400 0.083 G4 15
246.600 0.083 G5 15
246.700 0.083 G5 15
246.800 0.083 G4 15
247.000 0.083 G5 15
247.100 0.083 G5 15
247.200 0.083 F4 15
247.400 0.083 F5 15
247.500 0.083 F5 15
247.600 0.083 F4 15
247.800 0.083 F5 15
247.900 0.083 F5 15
248.000 0.083 E4 15
248.200 0.083 E5 15
248.300 0.083 E5 15
248.400 0.083 E4 15
248.600 0.083 E5 15
248.700 0.083 E5 15
248.800 0.083 D#4 15
249.000 0.083 D#5 15
249.100 0.083 D#5 15
249.200 0.083 D4 15
249.400 0.083 D5 15
249.500 0.083 D5 15
249.600 0.083 D#4 15
249.800 0.083 D#4 15
249.900 0.083 D#4 15
250.000 0.083 D#4 15
250.400 0.083 D#4 15
250.600 0.083 D#4 15
250.700 0.083 D#4 15
250.800 0.083 D#4 15
251.200 0.083 D#4 15
251.400 0.083 D#4 15
251.500 0.083 D#4 15
251.600 0.083 D#4 15
252.000 0.083 D#4 15
252.200 0.083 D#4 15
252.300 0.083 D#4 15
252.400 0.083 D#4 15
252.800 0.083 D4 15
253.000 0.083 D4 15
253.100 0.083 D4 15
253.200 0.083 D4 15
253.400 0.083 D4 15
253.500 0.083 D4 15
253.600 0.083 D4 15
253.800 0.083 D4 15
253.900 0.083 D4 15
254.000 0.083 D4 15
254.200 0.083 D4 15
254.300 0.083 D4 15
254.400 0.083 D4 15
256.000 0.083 G4 15
256.200 0.083 G4 15
256.400 0.083 G4 15
256.600 0.083 G4 15
256.800 0.083 F4 15
257.000 0.083 F4 15
257.200 0.083 F4 15
257.300 0.300 F4 15
257.600 0.083 D#4 15
257.800 0.083 D#4 15
258.000 0.083 D#4 15
258.200 0.083 D#4 15
258.400 0.083 F4 15
258.600 0.083 F4 15
258.800 0.083 F4 15
258.900 0.300 F4 15
259.200 0.083 G4 15
259.400 0.083 G4 15
259.600 0.083 G4 15
259.800 0.083 G4 15
260.000 0.083 F4 15
260.200 0.083 F4 15
260.400 0.083 F4 15
260.500 0.300 F4 15
260.800 0.083 D#4 15
261.000 0.083 D#4 15
261.200 0.083 D#4 15
261.400 0.083 D#4 15
261.600 0.083 F4 15
261.800 0.083 F4 15
262.000 0.083 F4 15
262.100 0.300 F4 15
262.400 0.083 G4 15
262.500 0.083 G4 15
262.700 0.083 G4 15
262.800 0.083 G4 15
263.400 0.083 C4 15
263.500 0.083 D4 15
263.600 0.100 F4 15
263.800 0.100 A4 15
264.000 0.083 G4 15
264.100 0.083 G4 15
264.300 0.083 G4 15
264.400 0.083 G4 15
265.000 0.083 C4 15
265.100 0.083 D4 15
265.200 0.083 F4 15
265.400 0.083 A4 15
265.600 0.083 D#4 15
265.700 0.083 D#4 15
265.900 0.083 D#4 15
266.000 0.083 D#4 15
266.600 0.083 A3 15
266.700 0.083 A#3 15
266.800 0.083 D#4 15
267.000 0.083 G4 15
267.200 0.083 D4 15
267.300 0.083 D4 15
267.500 0.083 D4 15
267.600 0.083 D4 15
268.200 0.083 C4 15
268.300 0.083 D4 15
268.400 0.083 F4 15
268.500 0.083 F4 15
268.600 0.100 A4 15
268.800 0.083 G4 15
268.900 0.100 G4 15
269.100 0.083 G4 15
269.200 0.083 G4 15
269.800 0.083 C4 15
269.900 0.083 D4 15
270.000 0.083 F4 15
270.200 0.083 A4 15
270.400 0.083 G4 15
270.500 0.083 G4 15
270.700 0.083 G4 15
270.800 0.083 G4 15
271.400 0.100 C4 15
271.500 0.100 D4 15
271.600 0.083 F4 15
271.800 0.083 A4 15
272.000 0.083 D#4 15
272.100 0.083 D#4 15
272.300 0.083 D#4 15
272.400 0.083 D#4 15
273.000 0.083 A3 15
273.100 0.083 A#3 15
273.200 0.083 D#4 15
273.400 0.083 G4 15
273.600 0.083 D4 15
273.700 0.100 D4 15
273.900 0.183 D4 15
274.600 0.083 C4 15
274.700 0.083 D4 15
274.800 0.083 F4 15
274.900 0.083 F4 15
275.000 0.083 A4 15
275.200 0.083 G5 15
275.400 0.083 G5 15
275.500 0.083 G5 15
275.600 0.083 G5 15
275.800 0.083 G5 15
275.900 0.083 G5 15
276.000 0.083 F5 15
276.200 0.083 F5 15
276.300 0.083 F5 15
276.400 0.083 F5 15
276.600 0.083 F5 15
276.700 0.083 F5 15
276.800 0.083 E5 15
277.000 0.083 E5 15
277.100 0.083 E5 15
277.200 0.083 E5 15
277.400 0.083 E5 15
277.500 0.083 E5 15
277.600 0.083 D#5 15
277.800 0.083 D#5 15
277.900 0.083 D#5 15
278.000 0.083 D#5 15
278.200 0.083 D5 15
278.300 0.083 D5 15
278.400 0.083 G4 15
278.600 0.083 G5 15
278.700 0.083 G5 15
278.800 0.083 G4 15
279.000 0.083 G5 15
279.100 0.083 G5 15
279.200 0.083 F4 15
279.400 0.083 F5 15
279.500 0.083 F5 15
279.600 0.083 F4 15
279.800 0.083 F5 15
279.900 0.083 F5 15
280.000 0.083 E4 15
280.200 0.083 E5 15
280.300 0.083 E5 15
280.400 0.083 E4 15
280.600 0.083 E5 15
280.700 0.083 E5 15
280.800 0.083 D#4 15
281.000 0.083 D#5 15
281.100 0.083 D#5 15
281.200 0.083 D4 15
281.400 0.083 D5 15
281.500 0.083 D5 15
281.600 0.083 D#4 15
281.800 0.083 D#4 15
281.900 0.083 D#4 15
282.000 0.083 D#4 15
282.400 0.083 D#4 15
282.600 0.083 D#4 15
282.700 0.083 D#4 15
282.800 0.083 D#4 15
283.200 0.083 D#4 15
283.400 0.083 D#4 15
283.500 0.083 D#4 15
283.600 0.083 D#4 15
284.000 0.083 D#4 15
284.200 0.083 D#4 15
284.300 0.083 D#4 15
284.400 0.083 D#4 15
284.800 0.083 D4 15
285.000 0.083 D4 15
285.100 0.083 D4 15
285.200 0.083 D4 15
285.400 0.083 D4 15
285.500 0.083 D4 15
285.600 0.083 D4 15
285.800 0.083 D4 15
285.900 0.083 D4 15
286.000 0.083 D4 15
286.200 0.083 D4 15
286.300 0.083 D4 15
286.400 0.083 D4 15
288.000 0.083 G4 15
288.200 0.083 G4 15
288.400 0.083 G4 15
288.600 0.083 G4 15
288.800 0.083 F4 15
289.000 0.083 F4 15
289.200 0.083 F4 15
289.300 0.300 F4 15
289.600 0.083 D#4 15
289.800 0.083 D#4 15
290.000 0.083 D#4 15
290.200 0.083 D#4 15
290.400 0.083 F4 15
290.600 0.083 F4 15
290.800 0.083 F4 15
290.900 0.300 F4 15
291.200 0.083 G4 15
291.400 0.083 G4 15
291.600 0.083 G4 15
291.800 0.083 G4 15
292.000 0.083 F4 15
292.200 0.083 F4 15
292.400 0.083 F4 15
292.500 0.300 F4 15
292.800 0.083 D#4 15
293.000 0.083 D#4 15
293.200 0.083 D#4 15
293.400 0.083 D#4 15
293.600 0.083 F4 15
293.800 0.083 F4 15
294.000 0.083 F4 15
294.100 0.300 F4 15
294.400 0.183 G4 15
294.700 0.083 G4 15
294.800 0.083 G4 15
295.400 0.083 C4 15
295.500 0.083 D4 15
295.600 0.083 F4 15
295.800 0.083 A4 15
296.000 0.083 G4 15
296.100 0.083 G4 15
296.300 0.200 G4 15
297.000 0.083 C4 15
297.100 0.083 D4 15
297.200 0.083 F4 15
297.400 0.083 A4 15
297.600 0.083 D#4 15
297.700 0.083 D#4 15
297.900 0.083 D#4 15
298.000 0.083 D#4 15
298.600 0.083 A3 15
298.700 0.100 A#3 15
298.800 0.100 D#4 15
299.000 0.083 G4 15
299.200 0.200 D4 15
299.500 0.083 D4 15
299.600 0.083 D4 15
300.200 0.083 C4 15
300.300 0.083 D4 15
300.400 0.083 F4 15
Noise(4249)
time dur noise vol drum
0.000 0.100 8 6 tom_low
0.100 0.050 13 1 roar_ultra_low
0.200 0.017 11 8 kick_tight
0.217 0.033 13 3 roar_ultra_low
0.400 0.100 8 6 tom_low
0.500 0.050 13 1 roar_ultra_low
0.600 0.017 11 8 kick_tight
0.617 0.033 13 3 roar_ultra_low
0.800 0.100 8 6 tom_low
0.900 0.050 13 1 roar_ultra_low
1.000 0.017 11 8 kick_tight
1.017 0.033 13 3 roar_ultra_low
1.200 0.100 8 6 tom_low
1.300 0.050 13 1 roar_ultra_low
1.400 0.017 11 8 kick_tight
1.417 0.033 13 3 roar_ultra_low
1.500 0.017 11 8 kick_tight
1.517 0.033 13 3 roar_ultra_low
1.600 0.100 8 6 tom_low
1.700 0.050 13 1 roar_ultra_low
1.800 0.017 11 8 kick_tight
1.817 0.033 13 3 roar_ultra_low
2.000 0.100 8 6 tom_low
2.100 0.050 13 1 roar_ultra_low
2.200 0.017 11 8 kick_tight
2.217 0.033 13 3 roar_ultra_low
2.400 0.100 8 6 tom_low
2.500 0.050 13 1 roar_ultra_low
2.600 0.017 11 8 kick_tight
2.617 0.033 13 3 roar_ultra_low
2.800 0.100 8 6 tom_low
2.900 0.050 13 1 roar_ultra_low
3.000 0.017 11 8 kick_tight
3.017 0.033 13 3 roar_ultra_low
3.100 0.017 11 8 kick_tight
3.117 0.033 13 3 roar_ultra_low
3.200 0.100 8 6 tom_low
3.300 0.050 13 1 roar_ultra_low
3.400 0.017 11 8 kick_tight
3.417 0.033 13 3 roar_ultra_low
3.600 0.100 8 6 tom_low
3.700 0.050 13 1 roar_ultra_low
3.800 0.017 11 8 kick_tight
3.817 0.033 13 3 roar_ultra_low
4.000 0.100 8 6 tom_low
4.100 0.050 13 1 roar_ultra_low
4.200 0.017 11 8 kick_tight
4.217 0.033 13 3 roar_ultra_low
4.400 0.100 8 6 tom_low
4.500 0.050 13 1 roar_ultra_low
4.600 0.017 11 8 kick_tight
4.617 0.033 13 3 roar_ultra_low
4.700 0.017 11 8 kick_tight
4.717 0.033 13 3 roar_ultra_low
4.800 0.100 8 6 tom_low
4.900 0.050 13 1 roar_ultra_low
5.000 0.017 11 8 kick_tight
5.017 0.033 13 3 roar_ultra_low
5.200 0.100 8 6 tom_low
5.300 0.050 13 1 roar_ultra_low
5.400 0.017 11 8 kick_tight
5.417 0.033 13 3 roar_ultra_low
5.600 0.100 8 6 tom_low
5.700 0.050 13 1 roar_ultra_low
5.800 0.017 11 8 kick_tight
5.817 0.033 13 3 roar_ultra_low
6.000 0.100 8 6 tom_low
6.100 0.050 13 1 roar_ultra_low
6.200 0.017 11 8 kick_tight
6.217 0.033 13 3 roar_ultra_low
6.300 0.017 11 8 kick_tight
6.317 0.033 13 3 roar_ultra_low
6.400 0.017 11 8 kick_tight
6.417 0.033 13 3 roar_ultra_low
6.500 0.017 11 8 kick_tight
6.517 0.033 13 3 roar_ultra_low
6.600 0.017 11 8 kick_tight
6.617 0.033 13 3 roar_ultra_low
6.700 0.017 11 8 kick_tight
6.717 0.033 13 3 roar_ultra_low
6.800 0.017 11 8 kick_tight
6.817 0.033 13 3 roar_ultra_low
6.900 0.017 11 8 kick_tight
6.917 0.033 13 3 roar_ultra_low
7.000 0.017 11 8 kick_tight
7.017 0.033 13 3 roar_ultra_low
7.100 0.017 11 8 kick_tight
7.117 0.033 13 3 roar_ultra_low
7.200 0.017 11 8 kick_tight
7.217 0.033 13 3 roar_ultra_low
7.300 0.017 11 8 kick_tight
7.317 0.033 13 3 roar_ultra_low
7.400 0.017 11 8 kick_tight
7.417 0.033 13 3 roar_ultra_low
7.500 0.017 11 8 kick_tight
7.517 0.033 13 3 roar_ultra_low
7.600 0.100 8 6 tom_low
7.700 0.050 13 1 roar_ultra_low
7.800 0.100 8 6 tom_low
7.900 0.050 13 1 roar_ultra_low
8.000 0.017 11 8 kick_tight
8.017 0.033 13 3 roar_ultra_low
8.100 0.017 11 8 kick_tight
8.117 0.033 13 3 roar_ultra_low
8.200 0.017 11 8 kick_tight
8.217 0.033 13 3 roar_ultra_low
8.300 0.017 11 8 kick_tight
8.317 0.033 13 3 roar_ultra_low
8.400 0.017 11 8 kick_tight
8.417 0.033 13 3 roar_ultra_low
8.500 0.017 11 8 kick_tight
8.517 0.033 13 3 roar_ultra_low
8.600 0.017 11 8 kick_tight
8.617 0.033 13 3 roar_ultra_low
8.700 0.017 11 8 kick_tight
8.717 0.033 13 3 roar_ultra_low
8.800 0.017 11 8 kick_tight
8.817 0.033 13 3 roar_ultra_low
8.900 0.017 11 8 kick_tight
8.917 0.033 13 3 roar_ultra_low
9.000 0.017 11 8 kick_tight
9.017 0.033 13 3 roar_ultra_low
9.100 0.017 11 8 kick_tight
9.117 0.033 13 3 roar_ultra_low
9.200 0.100 8 6 tom_low
9.300 0.050 13 1 roar_ultra_low
9.400 0.100 8 6 tom_low
9.500 0.050 13 1 roar_ultra_low
9.600 0.017 11 8 kick_tight
9.617 0.033 13 3 roar_ultra_low
9.700 0.017 11 8 kick_tight
9.717 0.033 13 3 roar_ultra_low
9.800 0.017 11 8 kick_tight
9.817 0.033 13 3 roar_ultra_low
9.900 0.017 11 8 kick_tight
9.917 0.033 13 3 roar_ultra_low
10.000 0.017 11 8 kick_tight
10.017 0.033 13 3 roar_ultra_low
10.100 0.017 11 8 kick_tight
10.117 0.033 13 3 roar_ultra_low
10.200 0.017 11 8 kick_tight
10.217 0.033 13 3 roar_ultra_low
10.300 0.017 11 8 kick_tight
10.317 0.033 13 3 roar_ultra_low
10.400 0.017 11 8 kick_tight
10.417 0.033 13 3 roar_ultra_low
10.500 0.017 11 8 kick_tight
10.517 0.033 13 3 roar_ultra_low
10.600 0.017 11 8 kick_tight
10.617 0.033 13 3 roar_ultra_low
10.700 0.017 11 8 kick_tight
10.717 0.033 13 3 roar_ultra_low
10.800 0.100 8 6 tom_low
10.900 0.050 13 1 roar_ultra_low
11.000 0.100 8 6 tom_low
11.100 0.050 13 1 roar_ultra_low
11.200 0.017 11 8 kick_tight
11.217 0.033 13 3 roar_ultra_low
11.300 0.017 11 8 kick_tight
11.317 0.033 13 3 roar_ultra_low
11.400 0.017 11 8 kick_tight
11.417 0.033 13 3 roar_ultra_low
11.500 0.017 11 8 kick_tight
11.517 0.033 13 3 roar_ultra_low
11.600 0.017 11 8 kick_tight
11.617 0.033 13 3 roar_ultra_low
11.700 0.017 11 8 kick_tight
11.717 0.033 13 3 roar_ultra_low
11.800 0.017 11 8 kick_tight
11.817 0.033 13 3 roar_ultra_low
11.900 0.017 11 8 kick_tight
11.917 0.033 13 3 roar_ultra_low
12.000 0.017 11 8 kick_tight
12.017 0.033 13 3 roar_ultra_low
12.100 0.017 11 8 kick_tight
12.117 0.033 13 3 roar_ultra_low
12.200 0.017 11 8 kick_tight
12.217 0.033 13 3 roar_ultra_low
12.300 0.017 11 8 kick_tight
12.317 0.033 13 3 roar_ultra_low
12.400 0.300 8 6 tom_low
12.700 0.050 13 1 roar_ultra_low
12.800 0.017 11 8 kick_tight
12.817 0.033 13 3 roar_ultra_low
12.900 0.017 11 8 kick_tight
12.917 0.033 13 3 roar_ultra_low
13.000 0.017 11 8 kick_tight
13.017 0.033 13 3 roar_ultra_low
13.100 0.017 11 8 kick_tight
13.117 0.033 13 3 roar_ultra_low
13.200 0.017 11 8 kick_tight
13.217 0.033 13 3 roar_ultra_low
13.300 0.017 11 8 kick_tight
13.317 0.033 13 3 roar_ultra_low
13.400 0.017 11 8 kick_tight
13.417 0.033 13 3 roar_ultra_low
13.500 0.017 11 8 kick_tight
13.517 0.033 13 3 roar_ultra_low
13.600 0.017 11 8 kick_tight
13.617 0.033 13 3 roar_ultra_low
13.700 0.017 11 8 kick_tight
13.717 0.033 13 3 roar_ultra_low
13.800 0.017 11 8 kick_tight
13.817 0.033 13 3 roar_ultra_low
13.900 0.017 11 8 kick_tight
13.917 0.033 13 3 roar_ultra_low
14.000 0.100 8 6 tom_low
14.100 0.050 13 1 roar_ultra_low
14.200 0.100 8 6 tom_low
14.300 0.050 13 1 roar_ultra_low
14.400 0.017 11 8 kick_tight
14.417 0.033 13 3 roar_ultra_low
14.500 0.017 11 8 kick_tight
14.517 0.033 13 3 roar_ultra_low
14.600 0.017 11 8 kick_tight
14.617 0.033 13 3 roar_ultra_low
14.700 0.017 11 8 kick_tight
14.717 0.033 13 3 roar_ultra_low
14.800 0.017 11 8 kick_tight
14.817 0.033 13 3 roar_ultra_low
14.900 0.017 11 8 kick_tight
14.917 0.033 13 3 roar_ultra_low
15.000 0.017 11 8 kick_tight
15.017 0.033 13 3 roar_ultra_low
15.100 0.017 11 8 kick_tight
15.117 0.033 13 3 roar_ultra_low
15.200 0.017 11 8 kick_tight
15.217 0.033 13 3 roar_ultra_low
15.300 0.017 11 8 kick_tight
15.317 0.033 13 3 roar_ultra_low
15.400 0.017 11 8 kick_tight
15.417 0.033 13 3 roar_ultra_low
15.500 0.017 11 8 kick_tight
15.517 0.033 13 3 roar_ultra_low
15.600 0.100 8 6 tom_low
15.700 0.050 13 1 roar_ultra_low
15.800 0.100 8 6 tom_low
15.900 0.050 13 1 roar_ultra_low
16.000 0.017 11 8 kick_tight
16.017 0.033 13 3 roar_ultra_low
16.100 0.017 11 8 kick_tight
16.117 0.033 13 3 roar_ultra_low
16.200 0.017 11 8 kick_tight
16.217 0.033 13 3 roar_ultra_low
16.300 0.017 11 8 kick_tight
16.317 0.033 13 3 roar_ultra_low
16.400 0.017 11 8 kick_tight
16.417 0.033 13 3 roar_ultra_low
16.500 0.017 11 8 kick_tight
16.517 0.033 13 3 roar_ultra_low
16.600 0.017 11 8 kick_tight
16.617 0.033 13 3 roar_ultra_low
16.700 0.017 11 8 kick_tight
16.717 0.033 13 3 roar_ultra_low
16.800 0.017 11 8 kick_tight
16.817 0.033 13 3 roar_ultra_low
16.900 0.017 11 8 kick_tight
16.917 0.033 13 3 roar_ultra_low
17.000 0.017 11 8 kick_tight
17.017 0.033 13 3 roar_ultra_low
17.100 0.017 11 8 kick_tight
17.117 0.033 13 3 roar_ultra_low
17.200 0.100 8 6 tom_low
17.300 0.050 13 1 roar_ultra_low
17.400 0.100 8 6 tom_low
17.500 0.050 13 1 roar_ultra_low
17.600 0.017 11 8 kick_tight
17.617 0.033 13 3 roar_ultra_low
17.700 0.017 11 8 kick_tight
17.717 0.033 13 3 roar_ultra_low
17.800 0.017 11 8 kick_tight
17.817 0.033 13 3 roar_ultra_low
17.900 0.017 11 8 kick_tight
17.917 0.033 13 3 roar_ultra_low
18.000 0.017 11 8 kick_tight
18.017 0.033 13 3 roar_ultra_low
18.100 0.017 11 8 kick_tight
18.117 0.033 13 3 roar_ultra_low
18.200 0.017 11 8 kick_tight
18.217 0.033 13 3 roar_ultra_low
18.300 0.017 11 8 kick_tight
18.317 0.033 13 3 roar_ultra_low
18.400 0.017 11 8 kick_tight
18.417 0.033 13 3 roar_ultra_low
18.500 0.017 11 8 kick_tight
18.517 0.033 13 3 roar_ultra_low
18.600 0.017 11 8 kick_tight
18.617 0.033 13 3 roar_ultra_low
18.700 0.017 11 8 kick_tight
18.717 0.033 13 3 roar_ultra_low
18.800 0.300 8 6 tom_low
19.100 0.050 13 1 roar_ultra_low
19.200 0.017 11 8 kick_tight
19.217 0.033 13 3 roar_ultra_low
19.400 0.017 11 8 kick_tight
19.417 0.033 13 3 roar_ultra_low
19.500 0.017 11 8 kick_tight
19.517 0.033 13 3 roar_ultra_low
19.600 0.100 8 6 tom_low
19.700 0.050 13 1 roar_ultra_low
19.800 0.017 11 8 kick_tight
19.817 0.033 13 3 roar_ultra_low
19.900 0.017 11 8 kick_tight
19.917 0.033 13 3 roar_ultra_low
20.000 0.017 11 8 kick_tight
20.017 0.033 13 3 roar_ultra_low
20.200 0.017 11 8 kick_tight
20.217 0.033 13 3 roar_ultra_low
20.300 0.017 11 8 kick_tight
20.317 0.033 13 3 roar_ultra_low
20.400 0.100 8 6 tom_low
20.500 0.050 13 1 roar_ultra_low
20.600 0.100 8 6 tom_low
20.700 0.050 13 1 roar_ultra_low
20.800 0.017 11 8 kick_tight
20.817 0.033 13 3 roar_ultra_low
21.000 0.017 11 8 kick_tight
21.017 0.033 13 3 roar_ultra_low
21.100 0.017 11 8 kick_tight
21.117 0.033 13 3 roar_ultra_low
21.200 0.100 8 6 tom_low
21.300 0.050 13 1 roar_ultra_low
21.400 0.017 11 8 kick_tight
21.417 0.033 13 3 roar_ultra_low
21.500 0.017 11 8 kick_tight
21.517 0.033 13 3 roar_ultra_low
21.600 0.017 11 8 kick_tight
21.617 0.033 13 3 roar_ultra_low
21.800 0.017 11 8 kick_tight
21.817 0.033 13 3 roar_ultra_low
21.900 0.017 11 8 kick_tight
21.917 0.033 13 3 roar_ultra_low
22.000 0.100 8 6 tom_low
22.100 0.050 13 1 roar_ultra_low
22.200 0.100 8 6 tom_low
22.300 0.050 13 1 roar_ultra_low
22.400 0.100 8 6 tom_low
22.500 0.050 13 1 roar_ultra_low
22.600 0.017 11 8 kick_tight
22.617 0.033 13 3 roar_ultra_low
22.700 0.017 11 8 kick_tight
22.717 0.033 13 3 roar_ultra_low
22.800 0.100 8 6 tom_low
22.900 0.050 13 1 roar_ultra_low
23.000 0.017 11 8 kick_tight
23.017 0.033 13 3 roar_ultra_low
23.100 0.017 11 8 kick_tight
23.117 0.033 13 3 roar_ultra_low
23.200 0.100 8 6 tom_low
23.300 0.050 13 1 roar_ultra_low
23.400 0.017 11 8 kick_tight
23.417 0.033 13 3 roar_ultra_low
23.500 0.017 11 8 kick_tight
23.517 0.033 13 3 roar_ultra_low
23.600 0.100 8 6 tom_low
23.700 0.050 13 1 roar_ultra_low
23.800 0.017 11 8 kick_tight
23.817 0.033 13 3 roar_ultra_low
23.900 0.017 11 8 kick_tight
23.917 0.033 13 3 roar_ultra_low
24.000 0.100 8 6 tom_low
24.100 0.050 13 1 roar_ultra_low
24.200 0.017 11 8 kick_tight
24.217 0.033 13 3 roar_ultra_low
24.300 0.017 11 8 kick_tight
24.317 0.033 13 3 roar_ultra_low
24.400 0.100 8 6 tom_low
24.500 0.050 13 1 roar_ultra_low
24.600 0.017 11 8 kick_tight
24.617 0.033 13 3 roar_ultra_low
24.700 0.017 11 8 kick_tight
24.717 0.033 13 3 roar_ultra_low
24.800 0.100 8 6 tom_low
24.900 0.050 13 1 roar_ultra_low
25.000 0.017 11 8 kick_tight
25.017 0.033 13 3 roar_ultra_low
25.100 0.017 11 8 kick_tight
25.117 0.033 13 3 roar_ultra_low
25.200 0.100 8 6 tom_low
25.300 0.050 13 1 roar_ultra_low
25.400 0.100 8 6 tom_low
25.500 0.050 13 1 roar_ultra_low
25.600 0.017 11 8 kick_tight
25.617 0.033 13 3 roar_ultra_low
25.800 0.017 11 8 kick_tight
25.817 0.033 13 3 roar_ultra_low
25.900 0.017 11 8 kick_tight
25.917 0.033 13 3 roar_ultra_low
26.000 0.100 8 6 tom_low
26.100 0.050 13 1 roar_ultra_low
26.200 0.017 11 8 kick_tight
26.217 0.033 13 3 roar_ultra_low
26.300 0.017 11 8 kick_tight
26.317 0.033 13 3 roar_ultra_low
26.400 0.017 11 8 kick_tight
26.417 0.033 13 3 roar_ultra_low
26.600 0.017 11 8 kick_tight
26.617 0.033 13 3 roar_ultra_low
26.700 0.017 11 8 kick_tight
26.717 0.033 13 3 roar_ultra_low
26.800 0.100 8 6 tom_low
26.900 0.050 13 1 roar_ultra_low
27.000 0.017 11 8 kick_tight
27.017 0.033 13 3 roar_ultra_low
27.100 0.017 11 8 kick_tight
27.117 0.033 13 3 roar_ultra_low
27.200 0.017 11 8 kick_tight
27.217 0.033 13 3 roar_ultra_low
27.400 0.017 11 8 kick_tight
27.417 0.033 13 3 roar_ultra_low
27.500 0.017 11 8 kick_tight
27.517 0.033 13 3 roar_ultra_low
27.600 0.100 8 6 tom_low
27.700 0.050 13 1 roar_ultra_low
27.800 0.017 11 8 kick_tight
27.817 0.033 13 3 roar_ultra_low
27.900 0.017 11 8 kick_tight
27.917 0.033 13 3 roar_ultra_low
28.000 0.017 11 8 kick_tight
28.017 0.033 13 3 roar_ultra_low
28.200 0.017 11 8 kick_tight
28.217 0.033 13 3 roar_ultra_low
28.300 0.017 11 8 kick_tight
28.317 0.033 13 3 roar_ultra_low
28.400 0.100 8 6 tom_low
28.500 0.050 13 1 roar_ultra_low
28.600 0.017 11 8 kick_tight
28.617 0.033 13 3 roar_ultra_low
28.700 0.017 11 8 kick_tight
28.717 0.033 13 3 roar_ultra_low
28.800 0.017 11 8 kick_tight
28.817 0.033 13 3 roar_ultra_low
29.200 0.100 8 6 tom_low
29.300 0.050 13 1 roar_ultra_low
29.600 0.017 11 8 kick_tight
29.617 0.033 13 3 roar_ultra_low
30.000 0.100 8 6 tom_low
30.100 0.050 13 1 roar_ultra_low
30.400 0.017 11 8 kick_tight
30.417 0.033 13 3 roar_ultra_low
30.600 0.017 11 8 kick_tight
30.617 0.033 13 3 roar_ultra_low
30.800 0.017 11 8 kick_tight
30.817 0.033 13 3 roar_ultra_low
31.000 0.017 11 8 kick_tight
31.017 0.033 13 3 roar_ultra_low
31.200 0.017 11 8 kick_tight
31.217 0.033 13 3 roar_ultra_low
31.400 0.017 11 8 kick_tight
31.417 0.033 13 3 roar_ultra_low
31.600 0.300 8 6 tom_low
31.900 0.050 13 1 roar_ultra_low
32.000 0.100 8 6 tom_low
32.100 0.050 13 1 roar_ultra_low
32.200 0.017 11 8 kick_tight
32.217 0.033 13 3 roar_ultra_low
32.400 0.100 8 6 tom_low
32.500 0.050 13 1 roar_ultra_low
32.600 0.017 11 8 kick_tight
32.617 0.033 13 3 roar_ultra_low
32.800 0.100 8 6 tom_low
32.900 0.050 13 1 roar_ultra_low
33.000 0.017 11 8 kick_tight
33.017 0.033 13 3 roar_ultra_low
33.200 0.100 8 6 tom_low
33.300 0.050 13 1 roar_ultra_low
33.400 0.017 11 8 kick_tight
33.417 0.033 13 3 roar_ultra_low
33.500 0.017 11 8 kick_tight
33.517 0.033 13 3 roar_ultra_low
33.600 0.100 8 6 tom_low
33.700 0.050 13 1 roar_ultra_low
33.800 0.017 11 8 kick_tight
33.817 0.033 13 3 roar_ultra_low
34.000 0.100 8 6 tom_low
34.100 0.050 13 1 roar_ultra_low
34.200 0.017 11 8 kick_tight
34.217 0.033 13 3 roar_ultra_low
34.400 0.100 8 6 tom_low
34.500 0.050 13 1 roar_ultra_low
34.600 0.017 11 8 kick_tight
34.617 0.033 13 3 roar_ultra_low
34.800 0.100 8 6 tom_low
34.900 0.050 13 1 roar_ultra_low
35.000 0.017 11 8 kick_tight
35.017 0.033 13 3 roar_ultra_low
35.100 0.017 11 8 kick_tight
35.117 0.033 13 3 roar_ultra_low
35.200 0.100 8 6 tom_low
35.300 0.050 13 1 roar_ultra_low
35.400 0.017 11 8 kick_tight
35.417 0.033 13 3 roar_ultra_low
35.600 0.100 8 6 tom_low
35.700 0.050 13 1 roar_ultra_low
35.800 0.017 11 8 kick_tight
35.817 0.033 13 3 roar_ultra_low
36.000 0.100 8 6 tom_low
36.100 0.050 13 1 roar_ultra_low
36.200 0.017 11 8 kick_tight
36.217 0.033 13 3 roar_ultra_low
36.400 0.100 8 6 tom_low
36.500 0.050 13 1 roar_ultra_low
36.600 0.017 11 8 kick_tight
36.617 0.033 13 3 roar_ultra_low
36.700 0.017 11 8 kick_tight
36.717 0.033 13 3 roar_ultra_low
36.800 0.100 8 6 tom_low
36.900 0.050 13 1 roar_ultra_low
37.000 0.017 11 8 kick_tight
37.017 0.033 13 3 roar_ultra_low
37.200 0.100 8 6 tom_low
37.300 0.050 13 1 roar_ultra_low
37.400 0.017 11 8 kick_tight
37.417 0.033 13 3 roar_ultra_low
37.600 0.100 8 6 tom_low
37.700 0.050 13 1 roar_ultra_low
37.800 0.017 11 8 kick_tight
37.817 0.033 13 3 roar_ultra_low
38.000 0.100 8 6 tom_low
38.100 0.050 13 1 roar_ultra_low
38.200 0.017 11 8 kick_tight
38.217 0.033 13 3 roar_ultra_low
38.300 0.017 11 8 kick_tight
38.317 0.033 13 3 roar_ultra_low
38.400 0.017 11 8 kick_tight
38.417 0.033 13 3 roar_ultra_low
38.500 0.017 11 8 kick_tight
38.517 0.033 13 3 roar_ultra_low
38.600 0.017 11 8 kick_tight
38.617 0.033 13 3 roar_ultra_low
38.700 0.017 11 8 kick_tight
38.717 0.033 13 3 roar_ultra_low
38.800 0.017 11 8 kick_tight
38.817 0.033 13 3 roar_ultra_low
38.900 0.017 11 8 kick_tight
38.917 0.033 13 3 roar_ultra_low
39.000 0.017 11 8 kick_tight
39.017 0.033 13 3 roar_ultra_low
39.100 0.017 11 8 kick_tight
39.117 0.033 13 3 roar_ultra_low
39.200 0.017 11 8 kick_tight
39.217 0.033 13 3 roar_ultra_low
39.300 0.017 11 8 kick_tight
39.317 0.033 13 3 roar_ultra_low
39.400 0.017 11 8 kick_tight
39.417 0.033 13 3 roar_ultra_low
39.500 0.017 11 8 kick_tight
39.517 0.033 13 3 roar_ultra_low
39.600 0.100 8 6 tom_low
39.700 0.050 13 1 roar_ultra_low
39.800 0.100 8 6 tom_low
39.900 0.050 13 1 roar_ultra_low
40.000 0.017 11 8 kick_tight
40.017 0.033 13 3 roar_ultra_low
40.100 0.017 11 8 kick_tight
40.117 0.033 13 3 roar_ultra_low
40.200 0.017 11 8 kick_tight
40.217 0.033 13 3 roar_ultra_low
40.300 0.017 11 8 kick_tight
40.317 0.033 13 3 roar_ultra_low
40.400 0.017 11 8 kick_tight
40.417 0.033 13 3 roar_ultra_low
40.500 0.017 11 8 kick_tight
40.517 0.033 13 3 roar_ultra_low
40.600 0.017 11 8 kick_tight
40.617 0.033 13 3 roar_ultra_low
40.700 0.017 11 8 kick_tight
40.717 0.033 13 3 roar_ultra_low
40.800 0.017 11 8 kick_tight
40.817 0.033 13 3 roar_ultra_low
40.900 0.017 11 8 kick_tight
40.917 0.033 13 3 roar_ultra_low
41.000 0.017 11 8 kick_tight
41.017 0.033 13 3 roar_ultra_low
41.100 0.017 11 8 kick_tight
41.117 0.033 13 3 roar_ultra_low
41.200 0.100 8 6 tom_low
41.300 0.050 13 1 roar_ultra_low
41.400 0.100 8 6 tom_low
41.500 0.050 13 1 roar_ultra_low
41.600 0.017 11 8 kick_tight
41.617 0.033 13 3 roar_ultra_low
41.700 0.017 11 8 kick_tight
41.717 0.033 13 3 roar_ultra_low
41.800 0.017 11 8 kick_tight
41.817 0.033 13 3 roar_ultra_low
41.900 0.017 11 8 kick_tight
41.917 0.033 13 3 roar_ultra_low
42.000 0.017 11 8 kick_tight
42.017 0.033 13 3 roar_ultra_low
42.100 0.017 11 8 kick_tight
42.117 0.033 13 3 roar_ultra_low
42.200 0.017 11 8 kick_tight
42.217 0.033 13 3 roar_ultra_low
42.300 0.017 11 8 kick_tight
42.317 0.033 13 3 roar_ultra_low
42.400 0.017 11 8 kick_tight
42.417 0.033 13 3 roar_ultra_low
42.500 0.017 11 8 kick_tight
42.517 0.033 13 3 roar_ultra_low
42.600 0.017 11 8 kick_tight
42.617 0.033 13 3 roar_ultra_low
42.700 0.017 11 8 kick_tight
42.717 0.033 13 3 roar_ultra_low
42.800 0.100 8 6 tom_low
42.900 0.050 13 1 roar_ultra_low
43.000 0.100 8 6 tom_low
43.100 0.050 13 1 roar_ultra_low
43.200 0.017 11 8 kick_tight
43.217 0.033 13 3 roar_ultra_low
43.300 0.017 11 8 kick_tight
43.317 0.033 13 3 roar_ultra_low
43.400 0.017 11 8 kick_tight
43.417 0.033 13 3 roar_ultra_low
43.500 0.017 11 8 kick_tight
43.517 0.033 13 3 roar_ultra_low
43.600 0.017 11 8 kick_tight
43.617 0.033 13 3 roar_ultra_low
43.700 0.017 11 8 kick_tight
43.717 0.033 13 3 roar_ultra_low
43.800 0.017 11 8 kick_tight
43.817 0.033 13 3 roar_ultra_low
43.900 0.017 11 8 kick_tight
43.917 0.033 13 3 roar_ultra_low
44.000 0.017 11 8 kick_tight
44.017 0.033 13 3 roar_ultra_low
44.100 0.017 11 8 kick_tight
44.117 0.033 13 3 roar_ultra_low
44.200 0.017 11 8 kick_tight
44.217 0.033 13 3 roar_ultra_low
44.300 0.017 11 8 kick_tight
44.317 0.033 13 3 roar_ultra_low
44.400 0.300 8 6 tom_low
44.700 0.050 13 1 roar_ultra_low
44.800 0.017 11 8 kick_tight
44.817 0.033 13 3 roar_ultra_low
44.900 0.017 11 8 kick_tight
44.917 0.033 13 3 roar_ultra_low
45.000 0.017 11 8 kick_tight
45.017 0.033 13 3 roar_ultra_low
45.100 0.017 11 8 kick_tight
45.117 0.033 13 3 roar_ultra_low
45.200 0.017 11 8 kick_tight
45.217 0.033 13 3 roar_ultra_low
45.300 0.017 11 8 kick_tight
45.317 0.033 13 3 roar_ultra_low
45.400 0.017 11 8 kick_tight
45.417 0.033 13 3 roar_ultra_low
45.500 0.017 11 8 kick_tight
45.517 0.033 13 3 roar_ultra_low
45.600 0.017 11 8 kick_tight
45.617 0.033 13 3 roar_ultra_low
45.700 0.017 11 8 kick_tight
45.717 0.033 13 3 roar_ultra_low
45.800 0.017 11 8 kick_tight
45.817 0.033 13 3 roar_ultra_low
45.900 0.017 11 8 kick_tight
45.917 0.033 13 3 roar_ultra_low
46.000 0.100 8 6 tom_low
46.100 0.050 13 1 roar_ultra_low
46.200 0.100 8 6 tom_low
46.300 0.050 13 1 roar_ultra_low
46.400 0.017 11 8 kick_tight
46.417 0.033 13 3 roar_ultra_low
46.500 0.017 11 8 kick_tight
46.517 0.033 13 3 roar_ultra_low
46.600 0.017 11 8 kick_tight
46.617 0.033 13 3 roar_ultra_low
46.700 0.017 11 8 kick_tight
46.717 0.033 13 3 roar_ultra_low
46.800 0.017 11 8 kick_tight
46.817 0.033 13 3 roar_ultra_low
46.900 0.017 11 8 kick_tight
46.917 0.033 13 3 roar_ultra_low
47.000 0.017 11 8 kick_tight
47.017 0.033 13 3 roar_ultra_low
47.100 0.017 11 8 kick_tight
47.117 0.033 13 3 roar_ultra_low
47.200 0.017 11 8 kick_tight
47.217 0.033 13 3 roar_ultra_low
47.300 0.017 11 8 kick_tight
47.317 0.033 13 3 roar_ultra_low
47.400 0.017 11 8 kick_tight
47.417 0.033 13 3 roar_ultra_low
47.500 0.017 11 8 kick_tight
47.517 0.033 13 3 roar_ultra_low
47.600 0.100 8 6 tom_low
47.700 0.050 13 1 roar_ultra_low
47.800 0.100 8 6 tom_low
47.900 0.050 13 1 roar_ultra_low
48.000 0.017 11 8 kick_tight
48.017 0.033 13 3 roar_ultra_low
48.100 0.017 11 8 kick_tight
48.117 0.033 13 3 roar_ultra_low
48.200 0.017 11 8 kick_tight
48.217 0.033 13 3 roar_ultra_low
48.300 0.017 11 8 kick_tight
48.317 0.033 13 3 roar_ultra_low
48.400 0.017 11 8 kick_tight
48.417 0.033 13 3 roar_ultra_low
48.500 0.017 11 8 kick_tight
48.517 0.033 13 3 roar_ultra_low
48.600 0.017 11 8 kick_tight
48.617 0.033 13 3 roar_ultra_low
48.700 0.017 11 8 kick_tight
48.717 0.033 13 3 roar_ultra_low
48.800 0.017 11 8 kick_tight
48.817 0.033 13 3 roar_ultra_low
48.900 0.017 11 8 kick_tight
48.917 0.033 13 3 roar_ultra_low
49.000 0.017 11 8 kick_tight
49.017 0.033 13 3 roar_ultra_low
49.100 0.017 11 8 kick_tight
49.117 0.033 13 3 roar_ultra_low
49.200 0.100 8 6 tom_low
49.300 0.050 13 1 roar_ultra_low
49.400 0.100 8 6 tom_low
49.500 0.050 13 1 roar_ultra_low
49.600 0.017 11 8 kick_tight
49.617 0.033 13 3 roar_ultra_low
49.700 0.017 11 8 kick_tight
49.717 0.033 13 3 roar_ultra_low
49.800 0.017 11 8 kick_tight
49.817 0.033 13 3 roar_ultra_low
49.900 0.017 11 8 kick_tight
49.917 0.033 13 3 roar_ultra_low
50.000 0.017 11 8 kick_tight
50.017 0.033 13 3 roar_ultra_low
50.100 0.017 11 8 kick_tight
50.117 0.033 13 3 roar_ultra_low
50.200 0.017 11 8 kick_tight
50.217 0.033 13 3 roar_ultra_low
50.300 0.017 11 8 kick_tight
50.317 0.033 13 3 roar_ultra_low
50.400 0.017 11 8 kick_tight
50.417 0.033 13 3 roar_ultra_low
50.500 0.017 11 8 kick_tight
50.517 0.033 13 3 roar_ultra_low
50.600 0.017 11 8 kick_tight
50.617 0.033 13 3 roar_ultra_low
50.700 0.017 11 8 kick_tight
50.717 0.033 13 3 roar_ultra_low
50.800 0.300 8 6 tom_low
51.100 0.050 13 1 roar_ultra_low
51.200 0.017 11 8 kick_tight
51.217 0.033 13 3 roar_ultra_low
51.400 0.017 11 8 kick_tight
51.417 0.033 13 3 roar_ultra_low
51.500 0.017 11 8 kick_tight
51.517 0.033 13 3 roar_ultra_low
51.600 0.100 8 6 tom_low
51.700 0.050 13 1 roar_ultra_low
51.800 0.017 11 8 kick_tight
51.817 0.033 13 3 roar_ultra_low
51.900 0.017 11 8 kick_tight
51.917 0.033 13 3 roar_ultra_low
52.000 0.017 11 8 kick_tight
52.017 0.033 13 3 roar_ultra_low
52.200 0.017 11 8 kick_tight
52.217 0.033 13 3 roar_ultra_low
52.300 0.017 11 8 kick_tight
52.317 0.033 13 3 roar_ultra_low
52.400 0.100 8 6 tom_low
52.500 0.050 13 1 roar_ultra_low
52.600 0.100 8 6 tom_low
52.700 0.050 13 1 roar_ultra_low
52.800 0.017 11 8 kick_tight
52.817 0.033 13 3 roar_ultra_low
53.000 0.017 11 8 kick_tight
53.017 0.033 13 3 roar_ultra_low
53.100 0.017 11 8 kick_tight
53.117 0.033 13 3 roar_ultra_low
53.200 0.100 8 6 tom_low
53.300 0.050 13 1 roar_ultra_low
53.400 0.017 11 8 kick_tight
53.417 0.033 13 3 roar_ultra_low
53.500 0.017 11 8 kick_tight
53.517 0.033 13 3 roar_ultra_low
53.600 0.017 11 8 kick_tight
53.617 0.033 13 3 roar_ultra_low
53.800 0.017 11 8 kick_tight
53.817 0.033 13 3 roar_ultra_low
53.900 0.017 11 8 kick_tight
53.917 0.033 13 3 roar_ultra_low
54.000 0.100 8 6 tom_low
54.100 0.050 13 1 roar_ultra_low
54.200 0.100 8 6 tom_low
54.300 0.050 13 1 roar_ultra_low
54.400 0.100 8 6 tom_low
54.500 0.050 13 1 roar_ultra_low
54.600 0.017 11 8 kick_tight
54.617 0.033 13 3 roar_ultra_low
54.700 0.017 11 8 kick_tight
54.717 0.033 13 3 roar_ultra_low
54.800 0.100 8 6 tom_low
54.900 0.050 13 1 roar_ultra_low
55.000 0.017 11 8 kick_tight
55.017 0.033 13 3 roar_ultra_low
55.100 0.017 11 8 kick_tight
55.117 0.033 13 3 roar_ultra_low
55.200 0.100 8 6 tom_low
55.300 0.050 13 1 roar_ultra_low
55.400 0.017 11 8 kick_tight
55.417 0.033 13 3 roar_ultra_low
55.500 0.017 11 8 kick_tight
55.517 0.033 13 3 roar_ultra_low
55.600 0.100 8 6 tom_low
55.700 0.050 13 1 roar_ultra_low
55.800 0.017 11 8 kick_tight
55.817 0.033 13 3 roar_ultra_low
55.900 0.017 11 8 kick_tight
55.917 0.033 13 3 roar_ultra_low
56.000 0.100 8 6 tom_low
56.100 0.050 13 1 roar_ultra_low
56.200 0.017 11 8 kick_tight
56.217 0.033 13 3 roar_ultra_low
56.300 0.017 11 8 kick_tight
56.317 0.033 13 3 roar_ultra_low
56.400 0.100 8 6 tom_low
56.500 0.050 13 1 roar_ultra_low
56.600 0.017 11 8 kick_tight
56.617 0.033 13 3 roar_ultra_low
56.700 0.017 11 8 kick_tight
56.717 0.033 13 3 roar_ultra_low
56.800 0.100 8 6 tom_low
56.900 0.050 13 1 roar_ultra_low
57.000 0.017 11 8 kick_tight
57.017 0.033 13 3 roar_ultra_low
57.100 0.017 11 8 kick_tight
57.117 0.033 13 3 roar_ultra_low
57.200 0.100 8 6 tom_low
57.300 0.050 13 1 roar_ultra_low
57.400 0.100 8 6 tom_low
57.500 0.050 13 1 roar_ultra_low
57.600 0.017 11 8 kick_tight
57.617 0.033 13 3 roar_ultra_low
57.800 0.017 11 8 kick_tight
57.817 0.033 13 3 roar_ultra_low
57.900 0.017 11 8 kick_tight
57.917 0.033 13 3 roar_ultra_low
58.000 0.100 8 6 tom_low
58.100 0.050 13 1 roar_ultra_low
58.200 0.017 11 8 kick_tight
58.217 0.033 13 3 roar_ultra_low
58.300 0.017 11 8 kick_tight
58.317 0.033 13 3 roar_ultra_low
58.400 0.017 11 8 kick_tight
58.417 0.033 13 3 roar_ultra_low
58.600 0.017 11 8 kick_tight
58.617 0.033 13 3 roar_ultra_low
58.700 0.017 11 8 kick_tight
58.717 0.033 13 3 roar_ultra_low
58.800 0.100 8 6 tom_low
58.900 0.050 13 1 roar_ultra_low
59.000 0.017 11 8 kick_tight
59.017 0.033 13 3 roar_ultra_low
59.100 0.017 11 8 kick_tight
59.117 0.033 13 3 roar_ultra_low
59.200 0.017 11 8 kick_tight
59.217 0.033 13 3 roar_ultra_low
59.400 0.017 11 8 kick_tight
59.417 0.033 13 3 roar_ultra_low
59.500 0.017 11 8 kick_tight
59.517 0.033 13 3 roar_ultra_low
59.600 0.100 8 6 tom_low
59.700 0.050 13 1 roar_ultra_low
59.800 0.017 11 8 kick_tight
59.817 0.033 13 3 roar_ultra_low
59.900 0.017 11 8 kick_tight
59.917 0.033 13 3 roar_ultra_low
60.000 0.017 11 8 kick_tight
60.017 0.033 13 3 roar_ultra_low
60.200 0.017 11 8 kick_tight
60.217 0.033 13 3 roar_ultra_low
60.300 0.017 11 8 kick_tight
60.317 0.033 13 3 roar_ultra_low
60.400 0.100 8 6 tom_low
60.500 0.050 13 1 roar_ultra_low
60.600 0.017 11 8 kick_tight
60.617 0.033 13 3 roar_ultra_low
60.700 0.017 11 8 kick_tight
60.717 0.033 13 3 roar_ultra_low
60.800 0.017 11 8 kick_tight
60.817 0.033 13 3 roar_ultra_low
61.200 0.100 8 6 tom_low
61.300 0.050 13 1 roar_ultra_low
61.600 0.017 11 8 kick_tight
61.617 0.033 13 3 roar_ultra_low
62.000 0.100 8 6 tom_low
62.100 0.050 13 1 roar_ultra_low
62.400 0.017 11 8 kick_tight
62.417 0.033 13 3 roar_ultra_low
62.600 0.017 11 8 kick_tight
62.617 0.033 13 3 roar_ultra_low
62.800 0.017 11 8 kick_tight
62.817 0.033 13 3 roar_ultra_low
63.000 0.017 11 8 kick_tight
63.017 0.033 13 3 roar_ultra_low
63.200 0.017 11 8 kick_tight
63.217 0.033 13 3 roar_ultra_low
63.400 0.017 11 8 kick_tight
63.417 0.033 13 3 roar_ultra_low
63.600 0.300 8 6 tom_low
63.900 0.050 13 1 roar_ultra_low
64.000 0.100 8 6 tom_low
64.100 0.050 13 1 roar_ultra_low
64.200 0.017 11 8 kick_tight
64.217 0.033 13 3 roar_ultra_low
64.400 0.100 8 6 tom_low
64.500 0.050 13 1 roar_ultra_low
64.600 0.017 11 8 kick_tight
64.617 0.033 13 3 roar_ultra_low
64.800 0.100 8 6 tom_low
64.900 0.050 13 1 roar_ultra_low
65.000 0.017 11 8 kick_tight
65.017 0.033 13 3 roar_ultra_low
65.200 0.100 8 6 tom_low
65.300 0.050 13 1 roar_ultra_low
65.400 0.017 11 8 kick_tight
65.417 0.033 13 3 roar_ultra_low
65.500 0.017 11 8 kick_tight
65.517 0.033 13 3 roar_ultra_low
65.600 0.100 8 6 tom_low
65.700 0.050 13 1 roar_ultra_low
65.800 0.017 11 8 kick_tight
65.817 0.033 13 3 roar_ultra_low
66.000 0.100 8 6 tom_low
66.100 0.050 13 1 roar_ultra_low
66.200 0.017 11 8 kick_tight
66.217 0.033 13 3 roar_ultra_low
66.400 0.100 8 6 tom_low
66.500 0.050 13 1 roar_ultra_low
66.600 0.017 11 8 kick_tight
66.617 0.033 13 3 roar_ultra_low
66.800 0.100 8 6 tom_low
66.900 0.050 13 1 roar_ultra_low
67.000 0.017 11 8 kick_tight
67.017 0.033 13 3 roar_ultra_low
67.100 0.017 11 8 kick_tight
67.117 0.033 13 3 roar_ultra_low
67.200 0.100 8 6 tom_low
67.300 0.050 13 1 roar_ultra_low
67.400 0.017 11 8 kick_tight
67.417 0.033 13 3 roar_ultra_low
67.600 0.100 8 6 tom_low
67.700 0.050 13 1 roar_ultra_low
67.800 0.017 11 8 kick_tight
67.817 0.033 13 3 roar_ultra_low
68.000 0.100 8 6 tom_low
68.100 0.050 13 1 roar_ultra_low
68.200 0.017 11 8 kick_tight
68.217 0.033 13 3 roar_ultra_low
68.400 0.100 8 6 tom_low
68.500 0.050 13 1 roar_ultra_low
68.600 0.017 11 8 kick_tight
68.617 0.033 13 3 roar_ultra_low
68.700 0.017 11 8 kick_tight
68.717 0.033 13 3 roar_ultra_low
68.800 0.100 8 6 tom_low
68.900 0.050 13 1 roar_ultra_low
69.000 0.017 11 8 kick_tight
69.017 0.033 13 3 roar_ultra_low
69.200 0.100 8 6 tom_low
69.300 0.050 13 1 roar_ultra_low
69.400 0.017 11 8 kick_tight
69.417 0.033 13 3 roar_ultra_low
69.600 0.100 8 6 tom_low
69.700 0.050 13 1 roar_ultra_low
69.800 0.017 11 8 kick_tight
69.817 0.033 13 3 roar_ultra_low
70.000 0.100 8 6 tom_low
70.100 0.050 13 1 roar_ultra_low
70.200 0.017 11 8 kick_tight
70.217 0.033 13 3 roar_ultra_low
70.300 0.017 11 8 kick_tight
70.317 0.033 13 3 roar_ultra_low
70.400 0.017 11 8 kick_tight
70.417 0.033 13 3 roar_ultra_low
70.500 0.017 11 8 kick_tight
70.517 0.033 13 3 roar_ultra_low
70.600 0.017 11 8 kick_tight
70.617 0.033 13 3 roar_ultra_low
70.700 0.017 11 8 kick_tight
70.717 0.033 13 3 roar_ultra_low
70.800 0.017 11 8 kick_tight
70.817 0.033 13 3 roar_ultra_low
70.900 0.017 11 8 kick_tight
70.917 0.033 13 3 roar_ultra_low
71.000 0.017 11 8 kick_tight
71.017 0.033 13 3 roar_ultra_low
71.100 0.017 11 8 kick_tight
71.117 0.033 13 3 roar_ultra_low
71.200 0.017 11 8 kick_tight
71.217 0.033 13 3 roar_ultra_low
71.300 0.017 11 8 kick_tight
71.317 0.033 13 3 roar_ultra_low
71.400 0.017 11 8 kick_tight
71.417 0.033 13 3 roar_ultra_low
71.500 0.017 11 8 kick_tight
71.517 0.033 13 3 roar_ultra_low
71.600 0.100 8 6 tom_low
71.700 0.050 13 1 roar_ultra_low
71.800 0.100 8 6 tom_low
71.900 0.050 13 1 roar_ultra_low
72.000 0.017 11 8 kick_tight
72.017 0.033 13 3 roar_ultra_low
72.100 0.017 11 8 kick_tight
72.117 0.033 13 3 roar_ultra_low
72.200 0.017 11 8 kick_tight
72.217 0.033 13 3 roar_ultra_low
72.300 0.017 11 8 kick_tight
72.317 0.033 13 3 roar_ultra_low
72.400 0.017 11 8 kick_tight
72.417 0.033 13 3 roar_ultra_low
72.500 0.017 11 8 kick_tight
72.517 0.033 13 3 roar_ultra_low
72.600 0.017 11 8 kick_tight
72.617 0.033 13 3 roar_ultra_low
72.700 0.017 11 8 kick_tight
72.717 0.033 13 3 roar_ultra_low
72.800 0.017 11 8 kick_tight
72.817 0.033 13 3 roar_ultra_low
72.900 0.017 11 8 kick_tight
72.917 0.033 13 3 roar_ultra_low
73.000 0.017 11 8 kick_tight
73.017 0.033 13 3 roar_ultra_low
73.100 0.017 11 8 kick_tight
73.117 0.033 13 3 roar_ultra_low
73.200 0.100 8 6 tom_low
73.300 0.050 13 1 roar_ultra_low
73.400 0.100 8 6 tom_low
73.500 0.050 13 1 roar_ultra_low
73.600 0.017 11 8 kick_tight
73.617 0.033 13 3 roar_ultra_low
73.700 0.017 11 8 kick_tight
73.717 0.033 13 3 roar_ultra_low
73.800 0.017 11 8 kick_tight
73.817 0.033 13 3 roar_ultra_low
73.900 0.017 11 8 kick_tight
73.917 0.033 13 3 roar_ultra_low
74.000 0.017 11 8 kick_tight
74.017 0.033 13 3 roar_ultra_low
74.100 0.017 11 8 kick_tight
74.117 0.033 13 3 roar_ultra_low
74.200 0.017 11 8 kick_tight
74.217 0.033 13 3 roar_ultra_low
74.300 0.017 11 8 kick_tight
74.317 0.033 13 3 roar_ultra_low
74.400 0.017 11 8 kick_tight
74.417 0.033 13 3 roar_ultra_low
74.500 0.017 11 8 kick_tight
74.517 0.033 13 3 roar_ultra_low
74.600 0.017 11 8 kick_tight
74.617 0.033 13 3 roar_ultra_low
74.700 0.017 11 8 kick_tight
74.717 0.033 13 3 roar_ultra_low
74.800 0.100 8 6 tom_low
74.900 0.050 13 1 roar_ultra_low
75.000 0.100 8 6 tom_low
75.100 0.050 13 1 roar_ultra_low
75.200 0.017 11 8 kick_tight
75.217 0.033 13 3 roar_ultra_low
75.300 0.017 11 8 kick_tight
75.317 0.033 13 3 roar_ultra_low
75.400 0.017 11 8 kick_tight
75.417 0.033 13 3 roar_ultra_low
75.500 0.017 11 8 kick_tight
75.517 0.033 13 3 roar_ultra_low
75.600 0.017 11 8 kick_tight
75.617 0.033 13 3 roar_ultra_low
75.700 0.017 11 8 kick_tight
75.717 0.033 13 3 roar_ultra_low
75.800 0.017 11 8 kick_tight
75.817 0.033 13 3 roar_ultra_low
75.900 0.017 11 8 kick_tight
75.917 0.033 13 3 roar_ultra_low
76.000 0.017 11 8 kick_tight
76.017 0.033 13 3 roar_ultra_low
76.100 0.017 11 8 kick_tight
76.117 0.033 13 3 roar_ultra_low
76.200 0.017 11 8 kick_tight
76.217 0.033 13 3 roar_ultra_low
76.300 0.017 11 8 kick_tight
76.317 0.033 13 3 roar_ultra_low
76.400 0.300 8 6 tom_low
76.700 0.050 13 1 roar_ultra_low
76.800 0.017 11 8 kick_tight
76.817 0.033 13 3 roar_ultra_low
76.900 0.017 11 8 kick_tight
76.917 0.033 13 3 roar_ultra_low
77.000 0.017 11 8 kick_tight
77.017 0.033 13 3 roar_ultra_low
77.100 0.017 11 8 kick_tight
77.117 0.033 13 3 roar_ultra_low
77.200 0.017 11 8 kick_tight
77.217 0.033 13 3 roar_ultra_low
77.300 0.017 11 8 kick_tight
77.317 0.033 13 3 roar_ultra_low
77.400 0.017 11 8 kick_tight
77.417 0.033 13 3 roar_ultra_low
77.500 0.017 11 8 kick_tight
77.517 0.033 13 3 roar_ultra_low
77.600 0.017 11 8 kick_tight
77.617 0.033 13 3 roar_ultra_low
77.700 0.017 11 8 kick_tight
77.717 0.033 13 3 roar_ultra_low
77.800 0.017 11 8 kick_tight
77.817 0.033 13 3 roar_ultra_low
77.900 0.017 11 8 kick_tight
77.917 0.033 13 3 roar_ultra_low
78.000 0.100 8 6 tom_low
78.100 0.050 13 1 roar_ultra_low
78.200 0.100 8 6 tom_low
78.300 0.050 13 1 roar_ultra_low
78.400 0.017 11 8 kick_tight
78.417 0.033 13 3 roar_ultra_low
78.500 0.017 11 8 kick_tight
78.517 0.033 13 3 roar_ultra_low
78.600 0.017 11 8 kick_tight
78.617 0.033 13 3 roar_ultra_low
78.700 0.017 11 8 kick_tight
78.717 0.033 13 3 roar_ultra_low
78.800 0.017 11 8 kick_tight
78.817 0.033 13 3 roar_ultra_low
78.900 0.017 11 8 kick_tight
78.917 0.033 13 3 roar_ultra_low
79.000 0.017 11 8 kick_tight
79.017 0.033 13 3 roar_ultra_low
79.100 0.017 11 8 kick_tight
79.117 0.033 13 3 roar_ultra_low
79.200 0.017 11 8 kick_tight
79.217 0.033 13 3 roar_ultra_low
79.300 0.017 11 8 kick_tight
79.317 0.033 13 3 roar_ultra_low
79.400 0.017 11 8 kick_tight
79.417 0.033 13 3 roar_ultra_low
79.500 0.017 11 8 kick_tight
79.517 0.033 13 3 roar_ultra_low
79.600 0.100 8 6 tom_low
79.700 0.050 13 1 roar_ultra_low
79.800 0.100 8 6 tom_low
79.900 0.050 13 1 roar_ultra_low
80.000 0.017 11 8 kick_tight
80.017 0.033 13 3 roar_ultra_low
80.100 0.017 11 8 kick_tight
80.117 0.033 13 3 roar_ultra_low
80.200 0.017 11 8 kick_tight
80.217 0.033 13 3 roar_ultra_low
80.300 0.017 11 8 kick_tight
80.317 0.033 13 3 roar_ultra_low
80.400 0.017 11 8 kick_tight
80.417 0.033 13 3 roar_ultra_low
80.500 0.017 11 8 kick_tight
80.517 0.033 13 3 roar_ultra_low
80.600 0.017 11 8 kick_tight
80.617 0.033 13 3 roar_ultra_low
80.700 0.017 11 8 kick_tight
80.717 0.033 13 3 roar_ultra_low
80.800 0.017 11 8 kick_tight
80.817 0.033 13 3 roar_ultra_low
80.900 0.017 11 8 kick_tight
80.917 0.033 13 3 roar_ultra_low
81.000 0.017 11 8 kick_tight
81.017 0.033 13 3 roar_ultra_low
81.100 0.017 11 8 kick_tight
81.117 0.033 13 3 roar_ultra_low
81.200 0.100 8 6 tom_low
81.300 0.050 13 1 roar_ultra_low
81.400 0.100 8 6 tom_low
81.500 0.050 13 1 roar_ultra_low
81.600 0.017 11 8 kick_tight
81.617 0.033 13 3 roar_ultra_low
81.700 0.017 11 8 kick_tight
81.717 0.033 13 3 roar_ultra_low
81.800 0.017 11 8 kick_tight
81.817 0.033 13 3 roar_ultra_low
81.900 0.017 11 8 kick_tight
81.917 0.033 13 3 roar_ultra_low
82.000 0.017 11 8 kick_tight
82.017 0.033 13 3 roar_ultra_low
82.100 0.017 11 8 kick_tight
82.117 0.033 13 3 roar_ultra_low
82.200 0.017 11 8 kick_tight
82.217 0.033 13 3 roar_ultra_low
82.300 0.017 11 8 kick_tight
82.317 0.033 13 3 roar_ultra_low
82.400 0.017 11 8 kick_tight
82.417 0.033 13 3 roar_ultra_low
82.500 0.017 11 8 kick_tight
82.517 0.033 13 3 roar_ultra_low
82.600 0.017 11 8 kick_tight
82.617 0.033 13 3 roar_ultra_low
82.700 0.017 11 8 kick_tight
82.717 0.033 13 3 roar_ultra_low
82.800 0.300 8 6 tom_low
83.100 0.050 13 1 roar_ultra_low
83.200 0.017 11 8 kick_tight
83.217 0.033 13 3 roar_ultra_low
83.400 0.017 11 8 kick_tight
83.417 0.033 13 3 roar_ultra_low
83.500 0.017 11 8 kick_tight
83.517 0.033 13 3 roar_ultra_low
83.600 0.100 8 6 tom_low
83.700 0.050 13 1 roar_ultra_low
83.800 0.017 11 8 kick_tight
83.817 0.033 13 3 roar_ultra_low
83.900 0.017 11 8 kick_tight
83.917 0.033 13 3 roar_ultra_low
84.000 0.017 11 8 kick_tight
84.017 0.033 13 3 roar_ultra_low
84.200 0.017 11 8 kick_tight
84.217 0.033 13 3 roar_ultra_low
84.300 0.017 11 8 kick_tight
84.317 0.033 13 3 roar_ultra_low
84.400 0.100 8 6 tom_low
84.500 0.050 13 1 roar_ultra_low
84.600 0.100 8 6 tom_low
84.700 0.050 13 1 roar_ultra_low
84.800 0.017 11 8 kick_tight
84.817 0.033 13 3 roar_ultra_low
85.000 0.017 11 8 kick_tight
85.017 0.033 13 3 roar_ultra_low
85.100 0.017 11 8 kick_tight
85.117 0.033 13 3 roar_ultra_low
85.200 0.100 8 6 tom_low
85.300 0.050 13 1 roar_ultra_low
85.400 0.017 11 8 kick_tight
85.417 0.033 13 3 roar_ultra_low
85.500 0.017 11 8 kick_tight
85.517 0.033 13 3 roar_ultra_low
85.600 0.017 11 8 kick_tight
85.617 0.033 13 3 roar_ultra_low
85.800 0.017 11 8 kick_tight
85.817 0.033 13 3 roar_ultra_low
85.900 0.017 11 8 kick_tight
85.917 0.033 13 3 roar_ultra_low
86.000 0.100 8 6 tom_low
86.100 0.050 13 1 roar_ultra_low
86.200 0.100 8 6 tom_low
86.300 0.050 13 1 roar_ultra_low
86.400 0.100 8 6 tom_low
86.500 0.050 13 1 roar_ultra_low
86.600 0.017 11 8 kick_tight
86.617 0.033 13 3 roar_ultra_low
86.700 0.017 11 8 kick_tight
86.717 0.033 13 3 roar_ultra_low
86.800 0.100 8 6 tom_low
86.900 0.050 13 1 roar_ultra_low
87.000 0.017 11 8 kick_tight
87.017 0.033 13 3 roar_ultra_low
87.100 0.017 11 8 kick_tight
87.117 0.033 13 3 roar_ultra_low
87.200 0.100 8 6 tom_low
87.300 0.050 13 1 roar_ultra_low
87.400 0.017 11 8 kick_tight
87.417 0.033 13 3 roar_ultra_low
87.500 0.017 11 8 kick_tight
87.517 0.033 13 3 roar_ultra_low
87.600 0.100 8 6 tom_low
87.700 0.050 13 1 roar_ultra_low
87.800 0.017 11 8 kick_tight
87.817 0.033 13 3 roar_ultra_low
87.900 0.017 11 8 kick_tight
87.917 0.033 13 3 roar_ultra_low
88.000 0.100 8 6 tom_low
88.100 0.050 13 1 roar_ultra_low
88.200 0.017 11 8 kick_tight
88.217 0.033 13 3 roar_ultra_low
88.300 0.017 11 8 kick_tight
88.317 0.033 13 3 roar_ultra_low
88.400 0.100 8 6 tom_low
88.500 0.050 13 1 roar_ultra_low
88.600 0.017 11 8 kick_tight
88.617 0.033 13 3 roar_ultra_low
88.700 0.017 11 8 kick_tight
88.717 0.033 13 3 roar_ultra_low
88.800 0.100 8 6 tom_low
88.900 0.050 13 1 roar_ultra_low
89.000 0.017 11 8 kick_tight
89.017 0.033 13 3 roar_ultra_low
89.100 0.017 11 8 kick_tight
89.117 0.033 13 3 roar_ultra_low
89.200 0.100 8 6 tom_low
89.300 0.050 13 1 roar_ultra_low
89.400 0.100 8 6 tom_low
89.500 0.050 13 1 roar_ultra_low
89.600 0.017 11 8 kick_tight
89.617 0.033 13 3 roar_ultra_low
89.800 0.017 11 8 kick_tight
89.817 0.033 13 3 roar_ultra_low
89.900 0.017 11 8 kick_tight
89.917 0.033 13 3 roar_ultra_low
90.000 0.100 8 6 tom_low
90.100 0.050 13 1 roar_ultra_low
90.200 0.017 11 8 kick_tight
90.217 0.033 13 3 roar_ultra_low
90.300 0.017 11 8 kick_tight
90.317 0.033 13 3 roar_ultra_low
90.400 0.017 11 8 kick_tight
90.417 0.033 13 3 roar_ultra_low
90.600 0.017 11 8 kick_tight
90.617 0.033 13 3 roar_ultra_low
90.700 0.017 11 8 kick_tight
90.717 0.033 13 3 roar_ultra_low
90.800 0.100 8 6 tom_low
90.900 0.050 13 1 roar_ultra_low
91.000 0.017 11 8 kick_tight
91.017 0.033 13 3 roar_ultra_low
91.100 0.017 11 8 kick_tight
91.117 0.033 13 3 roar_ultra_low
91.200 0.017 11 8 kick_tight
91.217 0.033 13 3 roar_ultra_low
91.400 0.017 11 8 kick_tight
91.417 0.033 13 3 roar_ultra_low
91.500 0.017 11 8 kick_tight
91.517 0.033 13 3 roar_ultra_low
91.600 0.100 8 6 tom_low
91.700 0.050 13 1 roar_ultra_low
91.800 0.017 11 8 kick_tight
91.817 0.033 13 3 roar_ultra_low
91.900 0.017 11 8 kick_tight
91.917 0.033 13 3 roar_ultra_low
92.000 0.017 11 8 kick_tight
92.017 0.033 13 3 roar_ultra_low
92.200 0.017 11 8 kick_tight
92.217 0.033 13 3 roar_ultra_low
92.300 0.017 11 8 kick_tight
92.317 0.033 13 3 roar_ultra_low
92.400 0.100 8 6 tom_low
92.500 0.050 13 1 roar_ultra_low
92.600 0.017 11 8 kick_tight
92.617 0.033 13 3 roar_ultra_low
92.700 0.017 11 8 kick_tight
92.717 0.033 13 3 roar_ultra_low
92.800 0.017 11 8 kick_tight
92.817 0.033 13 3 roar_ultra_low
93.200 0.100 8 6 tom_low
93.300 0.050 13 1 roar_ultra_low
93.600 0.017 11 8 kick_tight
93.617 0.033 13 3 roar_ultra_low
94.000 0.100 8 6 tom_low
94.100 0.050 13 1 roar_ultra_low
94.400 0.017 11 8 kick_tight
94.417 0.033 13 3 roar_ultra_low
94.600 0.017 11 8 kick_tight
94.617 0.033 13 3 roar_ultra_low
94.800 0.017 11 8 kick_tight
94.817 0.033 13 3 roar_ultra_low
95.000 0.017 11 8 kick_tight
95.017 0.033 13 3 roar_ultra_low
95.200 0.017 11 8 kick_tight
95.217 0.033 13 3 roar_ultra_low
95.400 0.017 11 8 kick_tight
95.417 0.033 13 3 roar_ultra_low
95.600 0.300 8 6 tom_low
95.900 0.050 13 1 roar_ultra_low
96.000 0.100 8 6 tom_low
96.100 0.050 13 1 roar_ultra_low
96.200 0.017 11 8 kick_tight
96.217 0.033 13 3 roar_ultra_low
96.400 0.100 8 6 tom_low
96.500 0.050 13 1 roar_ultra_low
96.600 0.017 11 8 kick_tight
96.617 0.033 13 3 roar_ultra_low
96.800 0.100 8 6 tom_low
96.900 0.050 13 1 roar_ultra_low
97.000 0.017 11 8 kick_tight
97.017 0.033 13 3 roar_ultra_low
97.200 0.100 8 6 tom_low
97.300 0.050 13 1 roar_ultra_low
97.400 0.017 11 8 kick_tight
97.417 0.033 13 3 roar_ultra_low
97.500 0.017 11 8 kick_tight
97.517 0.033 13 3 roar_ultra_low
97.600 0.100 8 6 tom_low
97.700 0.050 13 1 roar_ultra_low
97.800 0.017 11 8 kick_tight
97.817 0.033 13 3 roar_ultra_low
98.000 0.100 8 6 tom_low
98.100 0.050 13 1 roar_ultra_low
98.200 0.017 11 8 kick_tight
98.217 0.033 13 3 roar_ultra_low
98.400 0.100 8 6 tom_low
98.500 0.050 13 1 roar_ultra_low
98.600 0.017 11 8 kick_tight
98.617 0.033 13 3 roar_ultra_low
98.800 0.100 8 6 tom_low
98.900 0.050 13 1 roar_ultra_low
99.000 0.017 11 8 kick_tight
99.017 0.033 13 3 roar_ultra_low
99.100 0.017 11 8 kick_tight
99.117 0.033 13 3 roar_ultra_low
99.200 0.100 8 6 tom_low
99.300 0.050 13 1 roar_ultra_low
99.400 0.017 11 8 kick_tight
99.417 0.033 13 3 roar_ultra_low
99.600 0.100 8 6 tom_low
99.700 0.050 13 1 roar_ultra_low
99.800 0.017 11 8 kick_tight
99.817 0.033 13 3 roar_ultra_low
100.000 0.100 8 6 tom_low
100.100 0.050 13 1 roar_ultra_low
100.200 0.017 11 8 kick_tight
100.217 0.033 13 3 roar_ultra_low
100.400 0.100 8 6 tom_low
100.500 0.050 13 1 roar_ultra_low
100.600 0.017 11 8 kick_tight
100.617 0.033 13 3 roar_ultra_low
100.700 0.017 11 8 kick_tight
100.717 0.033 13 3 roar_ultra_low
100.800 0.100 8 6 tom_low
100.900 0.050 13 1 roar_ultra_low
101.000 0.017 11 8 kick_tight
101.017 0.033 13 3 roar_ultra_low
101.200 0.100 8 6 tom_low
101.300 0.050 13 1 roar_ultra_low
101.400 0.017 11 8 kick_tight
101.417 0.033 13 3 roar_ultra_low
101.600 0.100 8 6 tom_low
101.700 0.050 13 1 roar_ultra_low
101.800 0.017 11 8 kick_tight
101.817 0.033 13 3 roar_ultra_low
102.000 0.100 8 6 tom_low
102.100 0.050 13 1 roar_ultra_low
102.200 0.017 11 8 kick_tight
102.217 0.033 13 3 roar_ultra_low
102.300 0.017 11 8 kick_tight
102.317 0.033 13 3 roar_ultra_low
102.400 0.017 11 8 kick_tight
102.417 0.033 13 3 roar_ultra_low
102.500 0.017 11 8 kick_tight
102.517 0.033 13 3 roar_ultra_low
102.600 0.017 11 8 kick_tight
102.617 0.033 13 3 roar_ultra_low
102.700 0.017 11 8 kick_tight
102.717 0.033 13 3 roar_ultra_low
102.800 0.017 11 8 kick_tight
102.817 0.033 13 3 roar_ultra_low
102.900 0.017 11 8 kick_tight
102.917 0.033 13 3 roar_ultra_low
103.000 0.017 11 8 kick_tight
103.017 0.033 13 3 roar_ultra_low
103.100 0.017 11 8 kick_tight
103.117 0.033 13 3 roar_ultra_low
103.200 0.017 11 8 kick_tight
103.217 0.033 13 3 roar_ultra_low
103.300 0.017 11 8 kick_tight
103.317 0.033 13 3 roar_ultra_low
103.400 0.017 11 8 kick_tight
103.417 0.033 13 3 roar_ultra_low
103.500 0.017 11 8 kick_tight
103.517 0.033 13 3 roar_ultra_low
103.600 0.100 8 6 tom_low
103.700 0.050 13 1 roar_ultra_low
103.800 0.100 8 6 tom_low
103.900 0.050 13 1 roar_ultra_low
104.000 0.017 11 8 kick_tight
104.017 0.033 13 3 roar_ultra_low
104.100 0.017 11 8 kick_tight
104.117 0.033 13 3 roar_ultra_low
104.200 0.017 11 8 kick_tight
104.217 0.033 13 3 roar_ultra_low
104.300 0.017 11 8 kick_tight
104.317 0.033 13 3 roar_ultra_low
104.400 0.017 11 8 kick_tight
104.417 0.033 13 3 roar_ultra_low
104.500 0.017 11 8 kick_tight
104.517 0.033 13 3 roar_ultra_low
104.600 0.017 11 8 kick_tight
104.617 0.033 13 3 roar_ultra_low
104.700 0.017 11 8 kick_tight
104.717 0.033 13 3 roar_ultra_low
104.800 0.017 11 8 kick_tight
104.817 0.033 13 3 roar_ultra_low
104.900 0.017 11 8 kick_tight
104.917 0.033 13 3 roar_ultra_low
105.000 0.017 11 8 kick_tight
105.017 0.033 13 3 roar_ultra_low
105.100 0.017 11 8 kick_tight
105.117 0.033 13 3 roar_ultra_low
105.200 0.100 8 6 tom_low
105.300 0.050 13 1 roar_ultra_low
105.400 0.100 8 6 tom_low
105.500 0.050 13 1 roar_ultra_low
105.600 0.017 11 8 kick_tight
105.617 0.033 13 3 roar_ultra_low
105.700 0.017 11 8 kick_tight
105.717 0.033 13 3 roar_ultra_low
105.800 0.017 11 8 kick_tight
105.817 0.033 13 3 roar_ultra_low
105.900 0.017 11 8 kick_tight
105.917 0.033 13 3 roar_ultra_low
106.000 0.017 11 8 kick_tight
106.017 0.033 13 3 roar_ultra_low
106.100 0.017 11 8 kick_tight
106.117 0.033 13 3 roar_ultra_low
106.200 0.017 11 8 kick_tight
106.217 0.033 13 3 roar_ultra_low
106.300 0.017 11 8 kick_tight
106.317 0.033 13 3 roar_ultra_low
106.400 0.017 11 8 kick_tight
106.417 0.033 13 3 roar_ultra_low
106.500 0.017 11 8 kick_tight
106.517 0.033 13 3 roar_ultra_low
106.600 0.017 11 8 kick_tight
106.617 0.033 13 3 roar_ultra_low
106.700 0.017 11 8 kick_tight
106.717 0.033 13 3 roar_ultra_low
106.800 0.100 8 6 tom_low
106.900 0.050 13 1 roar_ultra_low
107.000 0.100 8 6 tom_low
107.100 0.050 13 1 roar_ultra_low
107.200 0.017 11 8 kick_tight
107.217 0.033 13 3 roar_ultra_low
107.300 0.017 11 8 kick_tight
107.317 0.033 13 3 roar_ultra_low
107.400 0.017 11 8 kick_tight
107.417 0.033 13 3 roar_ultra_low
107.500 0.017 11 8 kick_tight
107.517 0.033 13 3 roar_ultra_low
107.600 0.017 11 8 kick_tight
107.617 0.033 13 3 roar_ultra_low
107.700 0.017 11 8 kick_tight
107.717 0.033 13 3 roar_ultra_low
107.800 0.017 11 8 kick_tight
107.817 0.033 13 3 roar_ultra_low
107.900 0.017 11 8 kick_tight
107.917 0.033 13 3 roar_ultra_low
108.000 0.017 11 8 kick_tight
108.017 0.033 13 3 roar_ultra_low
108.100 0.017 11 8 kick_tight
108.117 0.033 13 3 roar_ultra_low
108.200 0.017 11 8 kick_tight
108.217 0.033 13 3 roar_ultra_low
108.300 0.017 11 8 kick_tight
108.317 0.033 13 3 roar_ultra_low
108.400 0.300 8 6 tom_low
108.700 0.050 13 1 roar_ultra_low
108.800 0.017 11 8 kick_tight
108.817 0.033 13 3 roar_ultra_low
108.900 0.017 11 8 kick_tight
108.917 0.033 13 3 roar_ultra_low
109.000 0.017 11 8 kick_tight
109.017 0.033 13 3 roar_ultra_low
109.100 0.017 11 8 kick_tight
109.117 0.033 13 3 roar_ultra_low
109.200 0.017 11 8 kick_tight
109.217 0.033 13 3 roar_ultra_low
109.300 0.017 11 8 kick_tight
109.317 0.033 13 3 roar_ultra_low
109.400 0.017 11 8 kick_tight
109.417 0.033 13 3 roar_ultra_low
109.500 0.017 11 8 kick_tight
109.517 0.033 13 3 roar_ultra_low
109.600 0.017 11 8 kick_tight
109.617 0.033 13 3 roar_ultra_low
109.700 0.017 11 8 kick_tight
109.717 0.033 13 3 roar_ultra_low
109.800 0.017 11 8 kick_tight
109.817 0.033 13 3 roar_ultra_low
109.900 0.017 11 8 kick_tight
109.917 0.033 13 3 roar_ultra_low
110.000 0.100 8 6 tom_low
110.100 0.050 13 1 roar_ultra_low
110.200 0.100 8 6 tom_low
110.300 0.050 13 1 roar_ultra_low
110.400 0.017 11 8 kick_tight
110.417 0.033 13 3 roar_ultra_low
110.500 0.017 11 8 kick_tight
110.517 0.033 13 3 roar_ultra_low
110.600 0.017 11 8 kick_tight
110.617 0.033 13 3 roar_ultra_low
110.700 0.017 11 8 kick_tight
110.717 0.033 13 3 roar_ultra_low
110.800 0.017 11 8 kick_tight
110.817 0.033 13 3 roar_ultra_low
110.900 0.017 11 8 kick_tight
110.917 0.033 13 3 roar_ultra_low
111.000 0.017 11 8 kick_tight
111.017 0.033 13 3 roar_ultra_low
111.100 0.017 11 8 kick_tight
111.117 0.033 13 3 roar_ultra_low
111.200 0.017 11 8 kick_tight
111.217 0.033 13 3 roar_ultra_low
111.300 0.017 11 8 kick_tight
111.317 0.033 13 3 roar_ultra_low
111.400 0.017 11 8 kick_tight
111.417 0.033 13 3 roar_ultra_low
111.500 0.017 11 8 kick_tight
111.517 0.033 13 3 roar_ultra_low
111.600 0.100 8 6 tom_low
111.700 0.050 13 1 roar_ultra_low
111.800 0.100 8 6 tom_low
111.900 0.050 13 1 roar_ultra_low
112.000 0.017 11 8 kick_tight
112.017 0.033 13 3 roar_ultra_low
112.100 0.017 11 8 kick_tight
112.117 0.033 13 3 roar_ultra_low
112.200 0.017 11 8 kick_tight
112.217 0.033 13 3 roar_ultra_low
112.300 0.017 11 8 kick_tight
112.317 0.033 13 3 roar_ultra_low
112.400 0.017 11 8 kick_tight
112.417 0.033 13 3 roar_ultra_low
112.500 0.017 11 8 kick_tight
112.517 0.033 13 3 roar_ultra_low
112.600 0.017 11 8 kick_tight
112.617 0.033 13 3 roar_ultra_low
112.700 0.017 11 8 kick_tight
112.717 0.033 13 3 roar_ultra_low
112.800 0.017 11 8 kick_tight
112.817 0.033 13 3 roar_ultra_low
112.900 0.017 11 8 kick_tight
112.917 0.033 13 3 roar_ultra_low
113.000 0.017 11 8 kick_tight
113.017 0.033 13 3 roar_ultra_low
113.100 0.017 11 8 kick_tight
113.117 0.033 13 3 roar_ultra_low
113.200 0.100 8 6 tom_low
113.300 0.050 13 1 roar_ultra_low
113.400 0.100 8 6 tom_low
113.500 0.050 13 1 roar_ultra_low
113.600 0.017 11 8 kick_tight
113.617 0.033 13 3 roar_ultra_low
113.700 0.017 11 8 kick_tight
113.717 0.033 13 3 roar_ultra_low
113.800 0.017 11 8 kick_tight
113.817 0.033 13 3 roar_ultra_low
113.900 0.017 11 8 kick_tight
113.917 0.033 13 3 roar_ultra_low
114.000 0.017 11 8 kick_tight
114.017 0.033 13 3 roar_ultra_low
114.100 0.017 11 8 kick_tight
114.117 0.033 13 3 roar_ultra_low
114.200 0.017 11 8 kick_tight
114.217 0.033 13 3 roar_ultra_low
114.300 0.017 11 8 kick_tight
114.317 0.033 13 3 roar_ultra_low
114.400 0.017 11 8 kick_tight
114.417 0.033 13 3 roar_ultra_low
114.500 0.017 11 8 kick_tight
114.517 0.033 13 3 roar_ultra_low
114.600 0.017 11 8 kick_tight
114.617 0.033 13 3 roar_ultra_low
114.700 0.017 11 8 kick_tight
114.717 0.033 13 3 roar_ultra_low
114.800 0.300 8 6 tom_low
115.100 0.050 13 1 roar_ultra_low
115.200 0.017 11 8 kick_tight
115.217 0.033 13 3 roar_ultra_low
115.400 0.017 11 8 kick_tight
115.417 0.033 13 3 roar_ultra_low
115.500 0.017 11 8 kick_tight
115.517 0.033 13 3 roar_ultra_low
115.600 0.100 8 6 tom_low
115.700 0.050 13 1 roar_ultra_low
115.800 0.017 11 8 kick_tight
115.817 0.033 13 3 roar_ultra_low
115.900 0.017 11 8 kick_tight
115.917 0.033 13 3 roar_ultra_low
116.000 0.017 11 8 kick_tight
116.017 0.033 13 3 roar_ultra_low
116.200 0.017 11 8 kick_tight
116.217 0.033 13 3 roar_ultra_low
116.300 0.017 11 8 kick_tight
116.317 0.033 13 3 roar_ultra_low
116.400 0.100 8 6 tom_low
116.500 0.050 13 1 roar_ultra_low
116.600 0.100 8 6 tom_low
116.700 0.050 13 1 roar_ultra_low
116.800 0.017 11 8 kick_tight
116.817 0.033 13 3 roar_ultra_low
117.000 0.017 11 8 kick_tight
117.017 0.033 13 3 roar_ultra_low
117.100 0.017 11 8 kick_tight
117.117 0.033 13 3 roar_ultra_low
117.200 0.100 8 6 tom_low
117.300 0.050 13 1 roar_ultra_low
117.400 0.017 11 8 kick_tight
117.417 0.033 13 3 roar_ultra_low
117.500 0.017 11 8 kick_tight
117.517 0.033 13 3 roar_ultra_low
117.600 0.017 11 8 kick_tight
117.617 0.033 13 3 roar_ultra_low
117.800 0.017 11 8 kick_tight
117.817 0.033 13 3 roar_ultra_low
117.900 0.017 11 8 kick_tight
117.917 0.033 13 3 roar_ultra_low
118.000 0.100 8 6 tom_low
118.100 0.050 13 1 roar_ultra_low
118.200 0.100 8 6 tom_low
118.300 0.050 13 1 roar_ultra_low
118.400 0.100 8 6 tom_low
118.500 0.050 13 1 roar_ultra_low
118.600 0.017 11 8 kick_tight
118.617 0.033 13 3 roar_ultra_low
118.700 0.017 11 8 kick_tight
118.717 0.033 13 3 roar_ultra_low
118.800 0.100 8 6 tom_low
118.900 0.050 13 1 roar_ultra_low
119.000 0.017 11 8 kick_tight
119.017 0.033 13 3 roar_ultra_low
119.100 0.017 11 8 kick_tight
119.117 0.033 13 3 roar_ultra_low
119.200 0.100 8 6 tom_low
119.300 0.050 13 1 roar_ultra_low
119.400 0.017 11 8 kick_tight
119.417 0.033 13 3 roar_ultra_low
119.500 0.017 11 8 kick_tight
119.517 0.033 13 3 roar_ultra_low
119.600 0.100 8 6 tom_low
119.700 0.050 13 1 roar_ultra_low
119.800 0.017 11 8 kick_tight
119.817 0.033 13 3 roar_ultra_low
119.900 0.017 11 8 kick_tight
119.917 0.033 13 3 roar_ultra_low
120.000 0.100 8 6 tom_low
120.100 0.050 13 1 roar_ultra_low
120.200 0.017 11 8 kick_tight
120.217 0.033 13 3 roar_ultra_low
120.300 0.017 11 8 kick_tight
120.317 0.033 13 3 roar_ultra_low
120.400 0.100 8 6 tom_low
120.500 0.050 13 1 roar_ultra_low
120.600 0.017 11 8 kick_tight
120.617 0.033 13 3 roar_ultra_low
120.700 0.017 11 8 kick_tight
120.717 0.033 13 3 roar_ultra_low
120.800 0.100 8 6 tom_low
120.900 0.050 13 1 roar_ultra_low
121.000 0.017 11 8 kick_tight
121.017 0.033 13 3 roar_ultra_low
121.100 0.017 11 8 kick_tight
121.117 0.033 13 3 roar_ultra_low
121.200 0.100 8 6 tom_low
121.300 0.050 13 1 roar_ultra_low
121.400 0.100 8 6 tom_low
121.500 0.050 13 1 roar_ultra_low
121.600 0.017 11 8 kick_tight
121.617 0.033 13 3 roar_ultra_low
121.800 0.017 11 8 kick_tight
121.817 0.033 13 3 roar_ultra_low
121.900 0.017 11 8 kick_tight
121.917 0.033 13 3 roar_ultra_low
122.000 0.100 8 6 tom_low
122.100 0.050 13 1 roar_ultra_low
122.200 0.017 11 8 kick_tight
122.217 0.033 13 3 roar_ultra_low
122.300 0.017 11 8 kick_tight
122.317 0.033 13 3 roar_ultra_low
122.400 0.017 11 8 kick_tight
122.417 0.033 13 3 roar_ultra_low
122.600 0.017 11 8 kick_tight
122.617 0.033 13 3 roar_ultra_low
122.700 0.017 11 8 kick_tight
122.717 0.033 13 3 roar_ultra_low
122.800 0.100 8 6 tom_low
122.900 0.050 13 1 roar_ultra_low
123.000 0.017 11 8 kick_tight
123.017 0.033 13 3 roar_ultra_low
123.100 0.017 11 8 kick_tight
123.117 0.033 13 3 roar_ultra_low
123.200 0.017 11 8 kick_tight
123.217 0.033 13 3 roar_ultra_low
123.400 0.017 11 8 kick_tight
123.417 0.033 13 3 roar_ultra_low
123.500 0.017 11 8 kick_tight
123.517 0.033 13 3 roar_ultra_low
123.600 0.100 8 6 tom_low
123.700 0.050 13 1 roar_ultra_low
123.800 0.017 11 8 kick_tight
123.817 0.033 13 3 roar_ultra_low
123.900 0.017 11 8 kick_tight
123.917 0.033 13 3 roar_ultra_low
124.000 0.017 11 8 kick_tight
124.017 0.033 13 3 roar_ultra_low
124.200 0.017 11 8 kick_tight
124.217 0.033 13 3 roar_ultra_low
124.300 0.017 11 8 kick_tight
124.317 0.033 13 3 roar_ultra_low
124.400 0.100 8 6 tom_low
124.500 0.050 13 1 roar_ultra_low
124.600 0.017 11 8 kick_tight
124.617 0.033 13 3 roar_ultra_low
124.700 0.017 11 8 kick_tight
124.717 0.033 13 3 roar_ultra_low
124.800 0.017 11 8 kick_tight
124.817 0.033 13 3 roar_ultra_low
125.200 0.100 8 6 tom_low
125.300 0.050 13 1 roar_ultra_low
125.600 0.017 11 8 kick_tight
125.617 0.033 13 3 roar_ultra_low
126.000 0.100 8 6 tom_low
126.100 0.050 13 1 roar_ultra_low
126.400 0.017 11 8 kick_tight
126.417 0.033 13 3 roar_ultra_low
126.600 0.017 11 8 kick_tight
126.617 0.033 13 3 roar_ultra_low
126.800 0.017 11 8 kick_tight
126.817 0.033 13 3 roar_ultra_low
127.000 0.017 11 8 kick_tight
127.017 0.033 13 3 roar_ultra_low
127.200 0.017 11 8 kick_tight
127.217 0.033 13 3 roar_ultra_low
127.400 0.017 11 8 kick_tight
127.417 0.033 13 3 roar_ultra_low
127.600 0.300 8 6 tom_low
127.900 0.050 13 1 roar_ultra_low
128.000 0.100 8 6 tom_low
128.100 0.050 13 1 roar_ultra_low
128.200 0.017 11 8 kick_tight
128.217 0.033 13 3 roar_ultra_low
128.400 0.100 8 6 tom_low
128.500 0.050 13 1 roar_ultra_low
128.600 0.017 11 8 kick_tight
128.617 0.033 13 3 roar_ultra_low
128.800 0.100 8 6 tom_low
128.900 0.050 13 1 roar_ultra_low
129.000 0.017 11 8 kick_tight
129.017 0.033 13 3 roar_ultra_low
129.200 0.100 8 6 tom_low
129.300 0.050 13 1 roar_ultra_low
129.400 0.017 11 8 kick_tight
129.417 0.033 13 3 roar_ultra_low
129.500 0.017 11 8 kick_tight
129.517 0.033 13 3 roar_ultra_low
129.600 0.100 8 6 tom_low
129.700 0.050 13 1 roar_ultra_low
129.800 0.017 11 8 kick_tight
129.817 0.033 13 3 roar_ultra_low
130.000 0.100 8 6 tom_low
130.100 0.050 13 1 roar_ultra_low
130.200 0.017 11 8 kick_tight
130.217 0.033 13 3 roar_ultra_low
130.400 0.100 8 6 tom_low
130.500 0.050 13 1 roar_ultra_low
130.600 0.017 11 8 kick_tight
130.617 0.033 13 3 roar_ultra_low
130.800 0.100 8 6 tom_low
130.900 0.050 13 1 roar_ultra_low
131.000 0.017 11 8 kick_tight
131.017 0.033 13 3 roar_ultra_low
131.100 0.017 11 8 kick_tight
131.117 0.033 13 3 roar_ultra_low
131.200 0.100 8 6 tom_low
131.300 0.050 13 1 roar_ultra_low
131.400 0.017 11 8 kick_tight
131.417 0.033 13 3 roar_ultra_low
131.600 0.100 8 6 tom_low
131.700 0.050 13 1 roar_ultra_low
131.800 0.017 11 8 kick_tight
131.817 0.033 13 3 roar_ultra_low
132.000 0.100 8 6 tom_low
132.100 0.050 13 1 roar_ultra_low
132.200 0.017 11 8 kick_tight
132.217 0.033 13 3 roar_ultra_low
132.400 0.100 8 6 tom_low
132.500 0.050 13 1 roar_ultra_low
132.600 0.017 11 8 kick_tight
132.617 0.033 13 3 roar_ultra_low
132.700 0.017 11 8 kick_tight
132.717 0.033 13 3 roar_ultra_low
132.800 0.100 8 6 tom_low
132.900 0.050 13 1 roar_ultra_low
133.000 0.017 11 8 kick_tight
133.017 0.033 13 3 roar_ultra_low
133.200 0.100 8 6 tom_low
133.300 0.050 13 1 roar_ultra_low
133.400 0.017 11 8 kick_tight
133.417 0.033 13 3 roar_ultra_low
133.600 0.100 8 6 tom_low
133.700 0.050 13 1 roar_ultra_low
133.800 0.017 11 8 kick_tight
133.817 0.033 13 3 roar_ultra_low
134.000 0.100 8 6 tom_low
134.100 0.050 13 1 roar_ultra_low
134.200 0.017 11 8 kick_tight
134.217 0.033 13 3 roar_ultra_low
134.300 0.017 11 8 kick_tight
134.317 0.033 13 3 roar_ultra_low
134.400 0.017 11 8 kick_tight
134.417 0.033 13 3 roar_ultra_low
134.500 0.017 11 8 kick_tight
134.517 0.033 13 3 roar_ultra_low
134.600 0.017 11 8 kick_tight
134.617 0.033 13 3 roar_ultra_low
134.700 0.017 11 8 kick_tight
134.717 0.033 13 3 roar_ultra_low
134.800 0.017 11 8 kick_tight
134.817 0.033 13 3 roar_ultra_low
134.900 0.017 11 8 kick_tight
134.917 0.033 13 3 roar_ultra_low
135.000 0.017 11 8 kick_tight
135.017 0.033 13 3 roar_ultra_low
135.100 0.017 11 8 kick_tight
135.117 0.033 13 3 roar_ultra_low
135.200 0.017 11 8 kick_tight
135.217 0.033 13 3 roar_ultra_low
135.300 0.017 11 8 kick_tight
135.317 0.033 13 3 roar_ultra_low
135.400 0.017 11 8 kick_tight
135.417 0.033 13 3 roar_ultra_low
135.500 0.017 11 8 kick_tight
135.517 0.033 13 3 roar_ultra_low
135.600 0.100 8 6 tom_low
135.700 0.050 13 1 roar_ultra_low
135.800 0.100 8 6 tom_low
135.900 0.050 13 1 roar_ultra_low
136.000 0.017 11 8 kick_tight
136.017 0.033 13 3 roar_ultra_low
136.100 0.017 11 8 kick_tight
136.117 0.033 13 3 roar_ultra_low
136.200 0.017 11 8 kick_tight
136.217 0.033 13 3 roar_ultra_low
136.300 0.017 11 8 kick_tight
136.317 0.033 13 3 roar_ultra_low
136.400 0.017 11 8 kick_tight
136.417 0.033 13 3 roar_ultra_low
136.500 0.017 11 8 kick_tight
136.517 0.033 13 3 roar_ultra_low
136.600 0.017 11 8 kick_tight
136.617 0.033 13 3 roar_ultra_low
136.700 0.017 11 8 kick_tight
136.717 0.033 13 3 roar_ultra_low
136.800 0.017 11 8 kick_tight
136.817 0.033 13 3 roar_ultra_low
136.900 0.017 11 8 kick_tight
136.917 0.033 13 3 roar_ultra_low
137.000 0.017 11 8 kick_tight
137.017 0.033 13 3 roar_ultra_low
137.100 0.017 11 8 kick_tight
137.117 0.033 13 3 roar_ultra_low
137.200 0.100 8 6 tom_low
137.300 0.050 13 1 roar_ultra_low
137.400 0.100 8 6 tom_low
137.500 0.050 13 1 roar_ultra_low
137.600 0.017 11 8 kick_tight
137.617 0.033 13 3 roar_ultra_low
137.700 0.017 11 8 kick_tight
137.717 0.033 13 3 roar_ultra_low
137.800 0.017 11 8 kick_tight
137.817 0.033 13 3 roar_ultra_low
137.900 0.017 11 8 kick_tight
137.917 0.033 13 3 roar_ultra_low
138.000 0.017 11 8 kick_tight
138.017 0.033 13 3 roar_ultra_low
138.100 0.017 11 8 kick_tight
138.117 0.033 13 3 roar_ultra_low
138.200 0.017 11 8 kick_tight
138.217 0.033 13 3 roar_ultra_low
138.300 0.017 11 8 kick_tight
138.317 0.033 13 3 roar_ultra_low
138.400 0.017 11 8 kick_tight
138.417 0.033 13 3 roar_ultra_low
138.500 0.017 11 8 kick_tight
138.517 0.033 13 3 roar_ultra_low
138.600 0.017 11 8 kick_tight
138.617 0.033 13 3 roar_ultra_low
138.700 0.017 11 8 kick_tight
138.717 0.033 13 3 roar_ultra_low
138.800 0.100 8 6 tom_low
138.900 0.050 13 1 roar_ultra_low
139.000 0.100 8 6 tom_low
139.100 0.050 13 1 roar_ultra_low
139.200 0.017 11 8 kick_tight
139.217 0.033 13 3 roar_ultra_low
139.300 0.017 11 8 kick_tight
139.317 0.033 13 3 roar_ultra_low
139.400 0.017 11 8 kick_tight
139.417 0.033 13 3 roar_ultra_low
139.500 0.017 11 8 kick_tight
139.517 0.033 13 3 roar_ultra_low
139.600 0.017 11 8 kick_tight
139.617 0.033 13 3 roar_ultra_low
139.700 0.017 11 8 kick_tight
139.717 0.033 13 3 roar_ultra_low
139.800 0.017 11 8 kick_tight
139.817 0.033 13 3 roar_ultra_low
139.900 0.017 11 8 kick_tight
139.917 0.033 13 3 roar_ultra_low
140.000 0.017 11 8 kick_tight
140.017 0.033 13 3 roar_ultra_low
140.100 0.017 11 8 kick_tight
140.117 0.033 13 3 roar_ultra_low
140.200 0.017 11 8 kick_tight
140.217 0.033 13 3 roar_ultra_low
140.300 0.017 11 8 kick_tight
140.317 0.033 13 3 roar_ultra_low
140.400 0.300 8 6 tom_low
140.700 0.050 13 1 roar_ultra_low
140.800 0.017 11 8 kick_tight
140.817 0.033 13 3 roar_ultra_low
140.900 0.017 11 8 kick_tight
140.917 0.033 13 3 roar_ultra_low
141.000 0.017 11 8 kick_tight
141.017 0.033 13 3 roar_ultra_low
141.100 0.017 11 8 kick_tight
141.117 0.033 13 3 roar_ultra_low
141.200 0.017 11 8 kick_tight
141.217 0.033 13 3 roar_ultra_low
141.300 0.017 11 8 kick_tight
141.317 0.033 13 3 roar_ultra_low
141.400 0.017 11 8 kick_tight
141.417 0.033 13 3 roar_ultra_low
141.500 0.017 11 8 kick_tight
141.517 0.033 13 3 roar_ultra_low
141.600 0.017 11 8 kick_tight
141.617 0.033 13 3 roar_ultra_low
141.700 0.017 11 8 kick_tight
141.717 0.033 13 3 roar_ultra_low
141.800 0.017 11 8 kick_tight
141.817 0.033 13 3 roar_ultra_low
141.900 0.017 11 8 kick_tight
141.917 0.033 13 3 roar_ultra_low
142.000 0.100 8 6 tom_low
142.100 0.050 13 1 roar_ultra_low
142.200 0.100 8 6 tom_low
142.300 0.050 13 1 roar_ultra_low
142.400 0.017 11 8 kick_tight
142.417 0.033 13 3 roar_ultra_low
142.500 0.017 11 8 kick_tight
142.517 0.033 13 3 roar_ultra_low
142.600 0.017 11 8 kick_tight
142.617 0.033 13 3 roar_ultra_low
142.700 0.017 11 8 kick_tight
142.717 0.033 13 3 roar_ultra_low
142.800 0.017 11 8 kick_tight
142.817 0.033 13 3 roar_ultra_low
142.900 0.017 11 8 kick_tight
142.917 0.033 13 3 roar_ultra_low
143.000 0.017 11 8 kick_tight
143.017 0.033 13 3 roar_ultra_low
143.100 0.017 11 8 kick_tight
143.117 0.033 13 3 roar_ultra_low
143.200 0.017 11 8 kick_tight
143.217 0.033 13 3 roar_ultra_low
143.300 0.017 11 8 kick_tight
143.317 0.033 13 3 roar_ultra_low
143.400 0.017 11 8 kick_tight
143.417 0.033 13 3 roar_ultra_low
143.500 0.017 11 8 kick_tight
143.517 0.033 13 3 roar_ultra_low
143.600 0.100 8 6 tom_low
143.700 0.050 13 1 roar_ultra_low
143.800 0.100 8 6 tom_low
143.900 0.050 13 1 roar_ultra_low
144.000 0.017 11 8 kick_tight
144.017 0.033 13 3 roar_ultra_low
144.100 0.017 11 8 kick_tight
144.117 0.033 13 3 roar_ultra_low
144.200 0.017 11 8 kick_tight
144.217 0.033 13 3 roar_ultra_low
144.300 0.017 11 8 kick_tight
144.317 0.033 13 3 roar_ultra_low
144.400 0.017 11 8 kick_tight
144.417 0.033 13 3 roar_ultra_low
144.500 0.017 11 8 kick_tight
144.517 0.033 13 3 roar_ultra_low
144.600 0.017 11 8 kick_tight
144.617 0.033 13 3 roar_ultra_low
144.700 0.017 11 8 kick_tight
144.717 0.033 13 3 roar_ultra_low
144.800 0.017 11 8 kick_tight
144.817 0.033 13 3 roar_ultra_low
144.900 0.017 11 8 kick_tight
144.917 0.033 13 3 roar_ultra_low
145.000 0.017 11 8 kick_tight
145.017 0.033 13 3 roar_ultra_low
145.100 0.017 11 8 kick_tight
145.117 0.033 13 3 roar_ultra_low
145.200 0.100 8 6 tom_low
145.300 0.050 13 1 roar_ultra_low
145.400 0.100 8 6 tom_low
145.500 0.050 13 1 roar_ultra_low
145.600 0.017 11 8 kick_tight
145.617 0.033 13 3 roar_ultra_low
145.700 0.017 11 8 kick_tight
145.717 0.033 13 3 roar_ultra_low
145.800 0.017 11 8 kick_tight
145.817 0.033 13 3 roar_ultra_low
145.900 0.017 11 8 kick_tight
145.917 0.033 13 3 roar_ultra_low
146.000 0.017 11 8 kick_tight
146.017 0.033 13 3 roar_ultra_low
146.100 0.017 11 8 kick_tight
146.117 0.033 13 3 roar_ultra_low
146.200 0.017 11 8 kick_tight
146.217 0.033 13 3 roar_ultra_low
146.300 0.017 11 8 kick_tight
146.317 0.033 13 3 roar_ultra_low
146.400 0.017 11 8 kick_tight
146.417 0.033 13 3 roar_ultra_low
146.500 0.017 11 8 kick_tight
146.517 0.033 13 3 roar_ultra_low
146.600 0.017 11 8 kick_tight
146.617 0.033 13 3 roar_ultra_low
146.700 0.017 11 8 kick_tight
146.717 0.033 13 3 roar_ultra_low
146.800 0.300 8 6 tom_low
147.100 0.050 13 1 roar_ultra_low
147.200 0.017 11 8 kick_tight
147.217 0.033 13 3 roar_ultra_low
147.400 0.017 11 8 kick_tight
147.417 0.033 13 3 roar_ultra_low
147.500 0.017 11 8 kick_tight
147.517 0.033 13 3 roar_ultra_low
147.600 0.100 8 6 tom_low
147.700 0.050 13 1 roar_ultra_low
147.800 0.017 11 8 kick_tight
147.817 0.033 13 3 roar_ultra_low
147.900 0.017 11 8 kick_tight
147.917 0.033 13 3 roar_ultra_low
148.000 0.017 11 8 kick_tight
148.017 0.033 13 3 roar_ultra_low
148.200 0.017 11 8 kick_tight
148.217 0.033 13 3 roar_ultra_low
148.300 0.017 11 8 kick_tight
148.317 0.033 13 3 roar_ultra_low
148.400 0.100 8 6 tom_low
148.500 0.050 13 1 roar_ultra_low
148.600 0.100 8 6 tom_low
148.700 0.050 13 1 roar_ultra_low
148.800 0.017 11 8 kick_tight
148.817 0.033 13 3 roar_ultra_low
149.000 0.017 11 8 kick_tight
149.017 0.033 13 3 roar_ultra_low
149.100 0.017 11 8 kick_tight
149.117 0.033 13 3 roar_ultra_low
149.200 0.100 8 6 tom_low
149.300 0.050 13 1 roar_ultra_low
149.400 0.017 11 8 kick_tight
149.417 0.033 13 3 roar_ultra_low
149.500 0.017 11 8 kick_tight
149.517 0.033 13 3 roar_ultra_low
149.600 0.017 11 8 kick_tight
149.617 0.033 13 3 roar_ultra_low
149.800 0.017 11 8 kick_tight
149.817 0.033 13 3 roar_ultra_low
149.900 0.017 11 8 kick_tight
149.917 0.033 13 3 roar_ultra_low
150.000 0.100 8 6 tom_low
150.100 0.050 13 1 roar_ultra_low
150.200 0.100 8 6 tom_low
150.300 0.050 13 1 roar_ultra_low
150.400 0.100 8 6 tom_low
150.500 0.050 13 1 roar_ultra_low
150.600 0.017 11 8 kick_tight
150.617 0.033 13 3 roar_ultra_low
150.700 0.017 11 8 kick_tight
150.717 0.033 13 3 roar_ultra_low
150.800 0.100 8 6 tom_low
150.900 0.050 13 1 roar_ultra_low
151.000 0.017 11 8 kick_tight
151.017 0.033 13 3 roar_ultra_low
151.100 0.017 11 8 kick_tight
151.117 0.033 13 3 roar_ultra_low
151.200 0.100 8 6 tom_low
151.300 0.050 13 1 roar_ultra_low
151.400 0.017 11 8 kick_tight
151.417 0.033 13 3 roar_ultra_low
151.500 0.017 11 8 kick_tight
151.517 0.033 13 3 roar_ultra_low
151.600 0.100 8 6 tom_low
151.700 0.050 13 1 roar_ultra_low
151.800 0.017 11 8 kick_tight
151.817 0.033 13 3 roar_ultra_low
151.900 0.017 11 8 kick_tight
151.917 0.033 13 3 roar_ultra_low
152.000 0.100 8 6 tom_low
152.100 0.050 13 1 roar_ultra_low
152.200 0.017 11 8 kick_tight
152.217 0.033 13 3 roar_ultra_low
152.300 0.017 11 8 kick_tight
152.317 0.033 13 3 roar_ultra_low
152.400 0.100 8 6 tom_low
152.500 0.050 13 1 roar_ultra_low
152.600 0.017 11 8 kick_tight
152.617 0.033 13 3 roar_ultra_low
152.700 0.017 11 8 kick_tight
152.717 0.033 13 3 roar_ultra_low
152.800 0.100 8 6 tom_low
152.900 0.050 13 1 roar_ultra_low
153.000 0.017 11 8 kick_tight
153.017 0.033 13 3 roar_ultra_low
153.100 0.017 11 8 kick_tight
153.117 0.033 13 3 roar_ultra_low
153.200 0.100 8 6 tom_low
153.300 0.050 13 1 roar_ultra_low
153.400 0.100 8 6 tom_low
153.500 0.050 13 1 roar_ultra_low
153.600 0.017 11 8 kick_tight
153.617 0.033 13 3 roar_ultra_low
153.800 0.017 11 8 kick_tight
153.817 0.033 13 3 roar_ultra_low
153.900 0.017 11 8 kick_tight
153.917 0.033 13 3 roar_ultra_low
154.000 0.100 8 6 tom_low
154.100 0.050 13 1 roar_ultra_low
154.200 0.017 11 8 kick_tight
154.217 0.033 13 3 roar_ultra_low
154.300 0.017 11 8 kick_tight
154.317 0.033 13 3 roar_ultra_low
154.400 0.017 11 8 kick_tight
154.417 0.033 13 3 roar_ultra_low
154.600 0.017 11 8 kick_tight
154.617 0.033 13 3 roar_ultra_low
154.700 0.017 11 8 kick_tight
154.717 0.033 13 3 roar_ultra_low
154.800 0.100 8 6 tom_low
154.900 0.050 13 1 roar_ultra_low
155.000 0.017 11 8 kick_tight
155.017 0.033 13 3 roar_ultra_low
155.100 0.017 11 8 kick_tight
155.117 0.033 13 3 roar_ultra_low
155.200 0.017 11 8 kick_tight
155.217 0.033 13 3 roar_ultra_low
155.400 0.017 11 8 kick_tight
155.417 0.033 13 3 roar_ultra_low
155.500 0.017 11 8 kick_tight
155.517 0.033 13 3 roar_ultra_low
155.600 0.100 8 6 tom_low
155.700 0.050 13 1 roar_ultra_low
155.800 0.017 11 8 kick_tight
155.817 0.033 13 3 roar_ultra_low
155.900 0.017 11 8 kick_tight
155.917 0.033 13 3 roar_ultra_low
156.000 0.017 11 8 kick_tight
156.017 0.033 13 3 roar_ultra_low
156.200 0.017 11 8 kick_tight
156.217 0.033 13 3 roar_ultra_low
156.300 0.017 11 8 kick_tight
156.317 0.033 13 3 roar_ultra_low
156.400 0.100 8 6 tom_low
156.500 0.050 13 1 roar_ultra_low
156.600 0.017 11 8 kick_tight
156.617 0.033 13 3 roar_ultra_low
156.700 0.017 11 8 kick_tight
156.717 0.033 13 3 roar_ultra_low
156.800 0.017 11 8 kick_tight
156.817 0.033 13 3 roar_ultra_low
157.200 0.100 8 6 tom_low
157.300 0.050 13 1 roar_ultra_low
157.600 0.017 11 8 kick_tight
157.617 0.033 13 3 roar_ultra_low
158.000 0.100 8 6 tom_low
158.100 0.050 13 1 roar_ultra_low
158.400 0.017 11 8 kick_tight
158.417 0.033 13 3 roar_ultra_low
158.600 0.017 11 8 kick_tight
158.617 0.033 13 3 roar_ultra_low
158.800 0.017 11 8 kick_tight
158.817 0.033 13 3 roar_ultra_low
159.000 0.017 11 8 kick_tight
159.017 0.033 13 3 roar_ultra_low
159.200 0.017 11 8 kick_tight
159.217 0.033 13 3 roar_ultra_low
159.400 0.017 11 8 kick_tight
159.417 0.033 13 3 roar_ultra_low
159.600 0.300 8 6 tom_low
159.900 0.050 13 1 roar_ultra_low
160.000 0.100 8 6 tom_low
160.100 0.050 13 1 roar_ultra_low
160.200 0.017 11 8 kick_tight
160.217 0.033 13 3 roar_ultra_low
160.400 0.100 8 6 tom_low
160.500 0.050 13 1 roar_ultra_low
160.600 0.017 11 8 kick_tight
160.617 0.033 13 3 roar_ultra_low
160.800 0.100 8 6 tom_low
160.900 0.050 13 1 roar_ultra_low
161.000 0.017 11 8 kick_tight
161.017 0.033 13 3 roar_ultra_low
161.200 0.100 8 6 tom_low
161.300 0.050 13 1 roar_ultra_low
161.400 0.017 11 8 kick_tight
161.417 0.033 13 3 roar_ultra_low
161.500 0.017 11 8 kick_tight
161.517 0.033 13 3 roar_ultra_low
161.600 0.100 8 6 tom_low
161.700 0.050 13 1 roar_ultra_low
161.800 0.017 11 8 kick_tight
161.817 0.033 13 3 roar_ultra_low
162.000 0.100 8 6 tom_low
162.100 0.050 13 1 roar_ultra_low
162.200 0.017 11 8 kick_tight
162.217 0.033 13 3 roar_ultra_low
162.400 0.100 8 6 tom_low
162.500 0.050 13 1 roar_ultra_low
162.600 0.017 11 8 kick_tight
162.617 0.033 13 3 roar_ultra_low
162.800 0.100 8 6 tom_low
162.900 0.050 13 1 roar_ultra_low
163.000 0.017 11 8 kick_tight
163.017 0.033 13 3 roar_ultra_low
163.100 0.017 11 8 kick_tight
163.117 0.033 13 3 roar_ultra_low
163.200 0.100 8 6 tom_low
163.300 0.050 13 1 roar_ultra_low
163.400 0.017 11 8 kick_tight
163.417 0.033 13 3 roar_ultra_low
163.600 0.100 8 6 tom_low
163.700 0.050 13 1 roar_ultra_low
163.800 0.017 11 8 kick_tight
163.817 0.033 13 3 roar_ultra_low
164.000 0.100 8 6 tom_low
164.100 0.050 13 1 roar_ultra_low
164.200 0.017 11 8 kick_tight
164.217 0.033 13 3 roar_ultra_low
164.400 0.100 8 6 tom_low
164.500 0.050 13 1 roar_ultra_low
164.600 0.017 11 8 kick_tight
164.617 0.033 13 3 roar_ultra_low
164.700 0.017 11 8 kick_tight
164.717 0.033 13 3 roar_ultra_low
164.800 0.100 8 6 tom_low
164.900 0.050 13 1 roar_ultra_low
165.000 0.017 11 8 kick_tight
165.017 0.033 13 3 roar_ultra_low
165.200 0.100 8 6 tom_low
165.300 0.050 13 1 roar_ultra_low
165.400 0.017 11 8 kick_tight
165.417 0.033 13 3 roar_ultra_low
165.600 0.100 8 6 tom_low
165.700 0.050 13 1 roar_ultra_low
165.800 0.017 11 8 kick_tight
165.817 0.033 13 3 roar_ultra_low
166.000 0.100 8 6 tom_low
166.100 0.050 13 1 roar_ultra_low
166.200 0.017 11 8 kick_tight
166.217 0.033 13 3 roar_ultra_low
166.300 0.017 11 8 kick_tight
166.317 0.033 13 3 roar_ultra_low
166.400 0.017 11 8 kick_tight
166.417 0.033 13 3 roar_ultra_low
166.500 0.017 11 8 kick_tight
166.517 0.033 13 3 roar_ultra_low
166.600 0.017 11 8 kick_tight
166.617 0.033 13 3 roar_ultra_low
166.700 0.017 11 8 kick_tight
166.717 0.033 13 3 roar_ultra_low
166.800 0.017 11 8 kick_tight
166.817 0.033 13 3 roar_ultra_low
166.900 0.017 11 8 kick_tight
166.917 0.033 13 3 roar_ultra_low
167.000 0.017 11 8 kick_tight
167.017 0.033 13 3 roar_ultra_low
167.100 0.017 11 8 kick_tight
167.117 0.033 13 3 roar_ultra_low
167.200 0.017 11 8 kick_tight
167.217 0.033 13 3 roar_ultra_low
167.300 0.017 11 8 kick_tight
167.317 0.033 13 3 roar_ultra_low
167.400 0.017 11 8 kick_tight
167.417 0.033 13 3 roar_ultra_low
167.500 0.017 11 8 kick_tight
167.517 0.033 13 3 roar_ultra_low
167.600 0.100 8 6 tom_low
167.700 0.050 13 1 roar_ultra_low
167.800 0.100 8 6 tom_low
167.900 0.050 13 1 roar_ultra_low
168.000 0.017 11 8 kick_tight
168.017 0.033 13 3 roar_ultra_low
168.100 0.017 11 8 kick_tight
168.117 0.033 13 3 roar_ultra_low
168.200 0.017 11 8 kick_tight
168.217 0.033 13 3 roar_ultra_low
168.300 0.017 11 8 kick_tight
168.317 0.033 13 3 roar_ultra_low
168.400 0.017 11 8 kick_tight
168.417 0.033 13 3 roar_ultra_low
168.500 0.017 11 8 kick_tight
168.517 0.033 13 3 roar_ultra_low
168.600 0.017 11 8 kick_tight
168.617 0.033 13 3 roar_ultra_low
168.700 0.017 11 8 kick_tight
168.717 0.033 13 3 roar_ultra_low
168.800 0.017 11 8 kick_tight
168.817 0.033 13 3 roar_ultra_low
168.900 0.017 11 8 kick_tight
168.917 0.033 13 3 roar_ultra_low
169.000 0.017 11 8 kick_tight
169.017 0.033 13 3 roar_ultra_low
169.100 0.017 11 8 kick_tight
169.117 0.033 13 3 roar_ultra_low
169.200 0.100 8 6 tom_low
169.300 0.050 13 1 roar_ultra_low
169.400 0.100 8 6 tom_low
169.500 0.050 13 1 roar_ultra_low
169.600 0.017 11 8 kick_tight
169.617 0.033 13 3 roar_ultra_low
169.700 0.017 11 8 kick_tight
169.717 0.033 13 3 roar_ultra_low
169.800 0.017 11 8 kick_tight
169.817 0.033 13 3 roar_ultra_low
169.900 0.017 11 8 kick_tight
169.917 0.033 13 3 roar_ultra_low
170.000 0.017 11 8 kick_tight
170.017 0.033 13 3 roar_ultra_low
170.100 0.017 11 8 kick_tight
170.117 0.033 13 3 roar_ultra_low
170.200 0.017 11 8 kick_tight
170.217 0.033 13 3 roar_ultra_low
170.300 0.017 11 8 kick_tight
170.317 0.033 13 3 roar_ultra_low
170.400 0.017 11 8 kick_tight
170.417 0.033 13 3 roar_ultra_low
170.500 0.017 11 8 kick_tight
170.517 0.033 13 3 roar_ultra_low
170.600 0.017 11 8 kick_tight
170.617 0.033 13 3 roar_ultra_low
170.700 0.017 11 8 kick_tight
170.717 0.033 13 3 roar_ultra_low
170.800 0.100 8 6 tom_low
170.900 0.050 13 1 roar_ultra_low
171.000 0.100 8 6 tom_low
171.100 0.050 13 1 roar_ultra_low
171.200 0.017 11 8 kick_tight
171.217 0.033 13 3 roar_ultra_low
171.300 0.017 11 8 kick_tight
171.317 0.033 13 3 roar_ultra_low
171.400 0.017 11 8 kick_tight
171.417 0.033 13 3 roar_ultra_low
171.500 0.017 11 8 kick_tight
171.517 0.033 13 3 roar_ultra_low
171.600 0.017 11 8 kick_tight
171.617 0.033 13 3 roar_ultra_low
171.700 0.017 11 8 kick_tight
171.717 0.033 13 3 roar_ultra_low
171.800 0.017 11 8 kick_tight
171.817 0.033 13 3 roar_ultra_low
171.900 0.017 11 8 kick_tight
171.917 0.033 13 3 roar_ultra_low
172.000 0.017 11 8 kick_tight
172.017 0.033 13 3 roar_ultra_low
172.100 0.017 11 8 kick_tight
172.117 0.033 13 3 roar_ultra_low
172.200 0.017 11 8 kick_tight
172.217 0.033 13 3 roar_ultra_low
172.300 0.017 11 8 kick_tight
172.317 0.033 13 3 roar_ultra_low
172.400 0.300 8 6 tom_low
172.700 0.050 13 1 roar_ultra_low
172.800 0.017 11 8 kick_tight
172.817 0.033 13 3 roar_ultra_low
172.900 0.017 11 8 kick_tight
172.917 0.033 13 3 roar_ultra_low
173.000 0.017 11 8 kick_tight
173.017 0.033 13 3 roar_ultra_low
173.100 0.017 11 8 kick_tight
173.117 0.033 13 3 roar_ultra_low
173.200 0.017 11 8 kick_tight
173.217 0.033 13 3 roar_ultra_low
173.300 0.017 11 8 kick_tight
173.317 0.033 13 3 roar_ultra_low
173.400 0.017 11 8 kick_tight
173.417 0.033 13 3 roar_ultra_low
173.500 0.017 11 8 kick_tight
173.517 0.033 13 3 roar_ultra_low
173.600 0.017 11 8 kick_tight
173.617 0.033 13 3 roar_ultra_low
173.700 0.017 11 8 kick_tight
173.717 0.033 13 3 roar_ultra_low
173.800 0.017 11 8 kick_tight
173.817 0.033 13 3 roar_ultra_low
173.900 0.017 11 8 kick_tight
173.917 0.033 13 3 roar_ultra_low
174.000 0.100 8 6 tom_low
174.100 0.050 13 1 roar_ultra_low
174.200 0.100 8 6 tom_low
174.300 0.050 13 1 roar_ultra_low
174.400 0.017 11 8 kick_tight
174.417 0.033 13 3 roar_ultra_low
174.500 0.017 11 8 kick_tight
174.517 0.033 13 3 roar_ultra_low
174.600 0.017 11 8 kick_tight
174.617 0.033 13 3 roar_ultra_low
174.700 0.017 11 8 kick_tight
174.717 0.033 13 3 roar_ultra_low
174.800 0.017 11 8 kick_tight
174.817 0.033 13 3 roar_ultra_low
174.900 0.017 11 8 kick_tight
174.917 0.033 13 3 roar_ultra_low
175.000 0.017 11 8 kick_tight
175.017 0.033 13 3 roar_ultra_low
175.100 0.017 11 8 kick_tight
175.117 0.033 13 3 roar_ultra_low
175.200 0.017 11 8 kick_tight
175.217 0.033 13 3 roar_ultra_low
175.300 0.017 11 8 kick_tight
175.317 0.033 13 3 roar_ultra_low
175.400 0.017 11 8 kick_tight
175.417 0.033 13 3 roar_ultra_low
175.500 0.017 11 8 kick_tight
175.517 0.033 13 3 roar_ultra_low
175.600 0.100 8 6 tom_low
175.700 0.050 13 1 roar_ultra_low
175.800 0.100 8 6 tom_low
175.900 0.050 13 1 roar_ultra_low
176.000 0.017 11 8 kick_tight
176.017 0.033 13 3 roar_ultra_low
176.100 0.017 11 8 kick_tight
176.117 0.033 13 3 roar_ultra_low
176.200 0.017 11 8 kick_tight
176.217 0.033 13 3 roar_ultra_low
176.300 0.017 11 8 kick_tight
176.317 0.033 13 3 roar_ultra_low
176.400 0.017 11 8 kick_tight
176.417 0.033 13 3 roar_ultra_low
176.500 0.017 11 8 kick_tight
176.517 0.033 13 3 roar_ultra_low
176.600 0.017 11 8 kick_tight
176.617 0.033 13 3 roar_ultra_low
176.700 0.017 11 8 kick_tight
176.717 0.033 13 3 roar_ultra_low
176.800 0.017 11 8 kick_tight
176.817 0.033 13 3 roar_ultra_low
176.900 0.017 11 8 kick_tight
176.917 0.033 13 3 roar_ultra_low
177.000 0.017 11 8 kick_tight
177.017 0.033 13 3 roar_ultra_low
177.100 0.017 11 8 kick_tight
177.117 0.033 13 3 roar_ultra_low
177.200 0.100 8 6 tom_low
177.300 0.050 13 1 roar_ultra_low
177.400 0.100 8 6 tom_low
177.500 0.050 13 1 roar_ultra_low
177.600 0.017 11 8 kick_tight
177.617 0.033 13 3 roar_ultra_low
177.700 0.017 11 8 kick_tight
177.717 0.033 13 3 roar_ultra_low
177.800 0.017 11 8 kick_tight
177.817 0.033 13 3 roar_ultra_low
177.900 0.017 11 8 kick_tight
177.917 0.033 13 3 roar_ultra_low
178.000 0.017 11 8 kick_tight
178.017 0.033 13 3 roar_ultra_low
178.100 0.017 11 8 kick_tight
178.117 0.033 13 3 roar_ultra_low
178.200 0.017 11 8 kick_tight
178.217 0.033 13 3 roar_ultra_low
178.300 0.017 11 8 kick_tight
178.317 0.033 13 3 roar_ultra_low
178.400 0.017 11 8 kick_tight
178.417 0.033 13 3 roar_ultra_low
178.500 0.017 11 8 kick_tight
178.517 0.033 13 3 roar_ultra_low
178.600 0.017 11 8 kick_tight
178.617 0.033 13 3 roar_ultra_low
178.700 0.017 11 8 kick_tight
178.717 0.033 13 3 roar_ultra_low
178.800 0.300 8 6 tom_low
179.100 0.050 13 1 roar_ultra_low
179.200 0.017 11 8 kick_tight
179.217 0.033 13 3 roar_ultra_low
179.400 0.017 11 8 kick_tight
179.417 0.033 13 3 roar_ultra_low
179.500 0.017 11 8 kick_tight
179.517 0.033 13 3 roar_ultra_low
179.600 0.100 8 6 tom_low
179.700 0.050 13 1 roar_ultra_low
179.800 0.017 11 8 kick_tight
179.817 0.033 13 3 roar_ultra_low
179.900 0.017 11 8 kick_tight
179.917 0.033 13 3 roar_ultra_low
180.000 0.017 11 8 kick_tight
180.017 0.033 13 3 roar_ultra_low
180.200 0.017 11 8 kick_tight
180.217 0.033 13 3 roar_ultra_low
180.300 0.017 11 8 kick_tight
180.317 0.033 13 3 roar_ultra_low
180.400 0.100 8 6 tom_low
180.500 0.050 13 1 roar_ultra_low
180.600 0.100 8 6 tom_low
180.700 0.050 13 1 roar_ultra_low
180.800 0.017 11 8 kick_tight
180.817 0.033 13 3 roar_ultra_low
181.000 0.017 11 8 kick_tight
181.017 0.033 13 3 roar_ultra_low
181.100 0.017 11 8 kick_tight
181.117 0.033 13 3 roar_ultra_low
181.200 0.100 8 6 tom_low
181.300 0.050 13 1 roar_ultra_low
181.400 0.017 11 8 kick_tight
181.417 0.033 13 3 roar_ultra_low
181.500 0.017 11 8 kick_tight
181.517 0.033 13 3 roar_ultra_low
181.600 0.017 11 8 kick_tight
181.617 0.033 13 3 roar_ultra_low
181.800 0.017 11 8 kick_tight
181.817 0.033 13 3 roar_ultra_low
181.900 0.017 11 8 kick_tight
181.917 0.033 13 3 roar_ultra_low
182.000 0.100 8 6 tom_low
182.100 0.050 13 1 roar_ultra_low
182.200 0.100 8 6 tom_low
182.300 0.050 13 1 roar_ultra_low
182.400 0.100 8 6 tom_low
182.500 0.050 13 1 roar_ultra_low
182.600 0.017 11 8 kick_tight
182.617 0.033 13 3 roar_ultra_low
182.700 0.017 11 8 kick_tight
182.717 0.033 13 3 roar_ultra_low
182.800 0.100 8 6 tom_low
182.900 0.050 13 1 roar_ultra_low
183.000 0.017 11 8 kick_tight
183.017 0.033 13 3 roar_ultra_low
183.100 0.017 11 8 kick_tight
183.117 0.033 13 3 roar_ultra_low
183.200 0.100 8 6 tom_low
183.300 0.050 13 1 roar_ultra_low
183.400 0.017 11 8 kick_tight
183.417 0.033 13 3 roar_ultra_low
183.500 0.017 11 8 kick_tight
183.517 0.033 13 3 roar_ultra_low
183.600 0.100 8 6 tom_low
183.700 0.050 13 1 roar_ultra_low
183.800 0.017 11 8 kick_tight
183.817 0.033 13 3 roar_ultra_low
183.900 0.017 11 8 kick_tight
183.917 0.033 13 3 roar_ultra_low
184.000 0.100 8 6 tom_low
184.100 0.050 13 1 roar_ultra_low
184.200 0.017 11 8 kick_tight
184.217 0.033 13 3 roar_ultra_low
184.300 0.017 11 8 kick_tight
184.317 0.033 13 3 roar_ultra_low
184.400 0.100 8 6 tom_low
184.500 0.050 13 1 roar_ultra_low
184.600 0.017 11 8 kick_tight
184.617 0.033 13 3 roar_ultra_low
184.700 0.017 11 8 kick_tight
184.717 0.033 13 3 roar_ultra_low
184.800 0.100 8 6 tom_low
184.900 0.050 13 1 roar_ultra_low
185.000 0.017 11 8 kick_tight
185.017 0.033 13 3 roar_ultra_low
185.100 0.017 11 8 kick_tight
185.117 0.033 13 3 roar_ultra_low
185.200 0.100 8 6 tom_low
185.300 0.050 13 1 roar_ultra_low
185.400 0.100 8 6 tom_low
185.500 0.050 13 1 roar_ultra_low
185.600 0.017 11 8 kick_tight
185.617 0.033 13 3 roar_ultra_low
185.800 0.017 11 8 kick_tight
185.817 0.033 13 3 roar_ultra_low
185.900 0.017 11 8 kick_tight
185.917 0.033 13 3 roar_ultra_low
186.000 0.100 8 6 tom_low
186.100 0.050 13 1 roar_ultra_low
186.200 0.017 11 8 kick_tight
186.217 0.033 13 3 roar_ultra_low
186.300 0.017 11 8 kick_tight
186.317 0.033 13 3 roar_ultra_low
186.400 0.017 11 8 kick_tight
186.417 0.033 13 3 roar_ultra_low
186.600 0.017 11 8 kick_tight
186.617 0.033 13 3 roar_ultra_low
186.700 0.017 11 8 kick_tight
186.717 0.033 13 3 roar_ultra_low
186.800 0.100 8 6 tom_low
186.900 0.050 13 1 roar_ultra_low
187.000 0.017 11 8 kick_tight
187.017 0.033 13 3 roar_ultra_low
187.100 0.017 11 8 kick_tight
187.117 0.033 13 3 roar_ultra_low
187.200 0.017 11 8 kick_tight
187.217 0.033 13 3 roar_ultra_low
187.400 0.017 11 8 kick_tight
187.417 0.033 13 3 roar_ultra_low
187.500 0.017 11 8 kick_tight
187.517 0.033 13 3 roar_ultra_low
187.600 0.100 8 6 tom_low
187.700 0.050 13 1 roar_ultra_low
187.800 0.017 11 8 kick_tight
187.817 0.033 13 3 roar_ultra_low
187.900 0.017 11 8 kick_tight
187.917 0.033 13 3 roar_ultra_low
188.000 0.017 11 8 kick_tight
188.017 0.033 13 3 roar_ultra_low
188.200 0.017 11 8 kick_tight
188.217 0.033 13 3 roar_ultra_low
188.300 0.017 11 8 kick_tight
188.317 0.033 13 3 roar_ultra_low
188.400 0.100 8 6 tom_low
188.500 0.050 13 1 roar_ultra_low
188.600 0.017 11 8 kick_tight
188.617 0.033 13 3 roar_ultra_low
188.700 0.017 11 8 kick_tight
188.717 0.033 13 3 roar_ultra_low
188.800 0.017 11 8 kick_tight
188.817 0.033 13 3 roar_ultra_low
189.200 0.100 8 6 tom_low
189.300 0.050 13 1 roar_ultra_low
189.600 0.017 11 8 kick_tight
189.617 0.033 13 3 roar_ultra_low
190.000 0.100 8 6 tom_low
190.100 0.050 13 1 roar_ultra_low
190.400 0.017 11 8 kick_tight
190.417 0.033 13 3 roar_ultra_low
190.600 0.017 11 8 kick_tight
190.617 0.033 13 3 roar_ultra_low
190.800 0.017 11 8 kick_tight
190.817 0.033 13 3 roar_ultra_low
191.000 0.017 11 8 kick_tight
191.017 0.033 13 3 roar_ultra_low
191.200 0.017 11 8 kick_tight
191.217 0.033 13 3 roar_ultra_low
191.400 0.017 11 8 kick_tight
191.417 0.033 13 3 roar_ultra_low
191.600 0.300 8 6 tom_low
191.900 0.050 13 1 roar_ultra_low
192.000 0.100 8 6 tom_low
192.100 0.050 13 1 roar_ultra_low
192.200 0.017 11 8 kick_tight
192.217 0.033 13 3 roar_ultra_low
192.400 0.100 8 6 tom_low
192.500 0.050 13 1 roar_ultra_low
192.600 0.017 11 8 kick_tight
192.617 0.033 13 3 roar_ultra_low
192.800 0.100 8 6 tom_low
192.900 0.050 13 1 roar_ultra_low
193.000 0.017 11 8 kick_tight
193.017 0.033 13 3 roar_ultra_low
193.200 0.100 8 6 tom_low
193.300 0.050 13 1 roar_ultra_low
193.400 0.017 11 8 kick_tight
193.417 0.033 13 3 roar_ultra_low
193.500 0.017 11 8 kick_tight
193.517 0.033 13 3 roar_ultra_low
193.600 0.100 8 6 tom_low
193.700 0.050 13 1 roar_ultra_low
193.800 0.017 11 8 kick_tight
193.817 0.033 13 3 roar_ultra_low
194.000 0.100 8 6 tom_low
194.100 0.050 13 1 roar_ultra_low
194.200 0.017 11 8 kick_tight
194.217 0.033 13 3 roar_ultra_low
194.400 0.100 8 6 tom_low
194.500 0.050 13 1 roar_ultra_low
194.600 0.017 11 8 kick_tight
194.617 0.033 13 3 roar_ultra_low
194.800 0.100 8 6 tom_low
194.900 0.050 13 1 roar_ultra_low
195.000 0.017 11 8 kick_tight
195.017 0.033 13 3 roar_ultra_low
195.100 0.017 11 8 kick_tight
195.117 0.033 13 3 roar_ultra_low
195.200 0.100 8 6 tom_low
195.300 0.050 13 1 roar_ultra_low
195.400 0.017 11 8 kick_tight
195.417 0.033 13 3 roar_ultra_low
195.600 0.100 8 6 tom_low
195.700 0.050 13 1 roar_ultra_low
195.800 0.017 11 8 kick_tight
195.817 0.033 13 3 roar_ultra_low
196.000 0.100 8 6 tom_low
196.100 0.050 13 1 roar_ultra_low
196.200 0.017 11 8 kick_tight
196.217 0.033 13 3 roar_ultra_low
196.400 0.100 8 6 tom_low
196.500 0.050 13 1 roar_ultra_low
196.600 0.017 11 8 kick_tight
196.617 0.033 13 3 roar_ultra_low
196.700 0.017 11 8 kick_tight
196.717 0.033 13 3 roar_ultra_low
196.800 0.100 8 6 tom_low
196.900 0.050 13 1 roar_ultra_low
197.000 0.017 11 8 kick_tight
197.017 0.033 13 3 roar_ultra_low
197.200 0.100 8 6 tom_low
197.300 0.050 13 1 roar_ultra_low
197.400 0.017 11 8 kick_tight
197.417 0.033 13 3 roar_ultra_low
197.600 0.100 8 6 tom_low
197.700 0.050 13 1 roar_ultra_low
197.800 0.017 11 8 kick_tight
197.817 0.033 13 3 roar_ultra_low
198.000 0.100 8 6 tom_low
198.100 0.050 13 1 roar_ultra_low
198.200 0.017 11 8 kick_tight
198.217 0.033 13 3 roar_ultra_low
198.300 0.017 11 8 kick_tight
198.317 0.033 13 3 roar_ultra_low
198.400 0.017 11 8 kick_tight
198.417 0.033 13 3 roar_ultra_low
198.500 0.017 11 8 kick_tight
198.517 0.033 13 3 roar_ultra_low
198.600 0.017 11 8 kick_tight
198.617 0.033 13 3 roar_ultra_low
198.700 0.017 11 8 kick_tight
198.717 0.033 13 3 roar_ultra_low
198.800 0.017 11 8 kick_tight
198.817 0.033 13 3 roar_ultra_low
198.900 0.017 11 8 kick_tight
198.917 0.033 13 3 roar_ultra_low
199.000 0.017 11 8 kick_tight
199.017 0.033 13 3 roar_ultra_low
199.100 0.017 11 8 kick_tight
199.117 0.033 13 3 roar_ultra_low
199.200 0.017 11 8 kick_tight
199.217 0.033 13 3 roar_ultra_low
199.300 0.017 11 8 kick_tight
199.317 0.033 13 3 roar_ultra_low
199.400 0.017 11 8 kick_tight
199.417 0.033 13 3 roar_ultra_low
199.500 0.017 11 8 kick_tight
199.517 0.033 13 3 roar_ultra_low
199.600 0.100 8 6 tom_low
199.700 0.050 13 1 roar_ultra_low
199.800 0.100 8 6 tom_low
199.900 0.050 13 1 roar_ultra_low
200.000 0.017 11 8 kick_tight
200.017 0.033 13 3 roar_ultra_low
200.100 0.017 11 8 kick_tight
200.117 0.033 13 3 roar_ultra_low
200.200 0.017 11 8 kick_tight
200.217 0.033 13 3 roar_ultra_low
200.300 0.017 11 8 kick_tight
200.317 0.033 13 3 roar_ultra_low
200.400 0.017 11 8 kick_tight
200.417 0.033 13 3 roar_ultra_low
200.500 0.017 11 8 kick_tight
200.517 0.033 13 3 roar_ultra_low
200.600 0.017 11 8 kick_tight
200.617 0.033 13 3 roar_ultra_low
200.700 0.017 11 8 kick_tight
200.717 0.033 13 3 roar_ultra_low
200.800 0.017 11 8 kick_tight
200.817 0.033 13 3 roar_ultra_low
200.900 0.017 11 8 kick_tight
200.917 0.033 13 3 roar_ultra_low
201.000 0.017 11 8 kick_tight
201.017 0.033 13 3 roar_ultra_low
201.100 0.017 11 8 kick_tight
201.117 0.033 13 3 roar_ultra_low
201.200 0.100 8 6 tom_low
201.300 0.050 13 1 roar_ultra_low
201.400 0.100 8 6 tom_low
201.500 0.050 13 1 roar_ultra_low
201.600 0.017 11 8 kick_tight
201.617 0.033 13 3 roar_ultra_low
201.700 0.017 11 8 kick_tight
201.717 0.033 13 3 roar_ultra_low
201.800 0.017 11 8 kick_tight
201.817 0.033 13 3 roar_ultra_low
201.900 0.017 11 8 kick_tight
201.917 0.033 13 3 roar_ultra_low
202.000 0.017 11 8 kick_tight
202.017 0.033 13 3 roar_ultra_low
202.100 0.017 11 8 kick_tight
202.117 0.033 13 3 roar_ultra_low
202.200 0.017 11 8 kick_tight
202.217 0.033 13 3 roar_ultra_low
202.300 0.017 11 8 kick_tight
202.317 0.033 13 3 roar_ultra_low
202.400 0.017 11 8 kick_tight
202.417 0.033 13 3 roar_ultra_low
202.500 0.017 11 8 kick_tight
202.517 0.033 13 3 roar_ultra_low
202.600 0.017 11 8 kick_tight
202.617 0.033 13 3 roar_ultra_low
202.700 0.017 11 8 kick_tight
202.717 0.033 13 3 roar_ultra_low
202.800 0.100 8 6 tom_low
202.900 0.050 13 1 roar_ultra_low
203.000 0.100 8 6 tom_low
203.100 0.050 13 1 roar_ultra_low
203.200 0.017 11 8 kick_tight
203.217 0.033 13 3 roar_ultra_low
203.300 0.017 11 8 kick_tight
203.317 0.033 13 3 roar_ultra_low
203.400 0.017 11 8 kick_tight
203.417 0.033 13 3 roar_ultra_low
203.500 0.017 11 8 kick_tight
203.517 0.033 13 3 roar_ultra_low
203.600 0.017 11 8 kick_tight
203.617 0.033 13 3 roar_ultra_low
203.700 0.017 11 8 kick_tight
203.717 0.033 13 3 roar_ultra_low
203.800 0.017 11 8 kick_tight
203.817 0.033 13 3 roar_ultra_low
203.900 0.017 11 8 kick_tight
203.917 0.033 13 3 roar_ultra_low
204.000 0.017 11 8 kick_tight
204.017 0.033 13 3 roar_ultra_low
204.100 0.017 11 8 kick_tight
204.117 0.033 13 3 roar_ultra_low
204.200 0.017 11 8 kick_tight
204.217 0.033 13 3 roar_ultra_low
204.300 0.017 11 8 kick_tight
204.317 0.033 13 3 roar_ultra_low
204.400 0.300 8 6 tom_low
204.700 0.050 13 1 roar_ultra_low
204.800 0.017 11 8 kick_tight
204.817 0.033 13 3 roar_ultra_low
204.900 0.017 11 8 kick_tight
204.917 0.033 13 3 roar_ultra_low
205.000 0.017 11 8 kick_tight
205.017 0.033 13 3 roar_ultra_low
205.100 0.017 11 8 kick_tight
205.117 0.033 13 3 roar_ultra_low
205.200 0.017 11 8 kick_tight
205.217 0.033 13 3 roar_ultra_low
205.300 0.017 11 8 kick_tight
205.317 0.033 13 3 roar_ultra_low
205.400 0.017 11 8 kick_tight
205.417 0.033 13 3 roar_ultra_low
205.500 0.017 11 8 kick_tight
205.517 0.033 13 3 roar_ultra_low
205.600 0.017 11 8 kick_tight
205.617 0.033 13 3 roar_ultra_low
205.700 0.017 11 8 kick_tight
205.717 0.033 13 3 roar_ultra_low
205.800 0.017 11 8 kick_tight
205.817 0.033 13 3 roar_ultra_low
205.900 0.017 11 8 kick_tight
205.917 0.033 13 3 roar_ultra_low
206.000 0.100 8 6 tom_low
206.100 0.050 13 1 roar_ultra_low
206.200 0.100 8 6 tom_low
206.300 0.050 13 1 roar_ultra_low
206.400 0.017 11 8 kick_tight
206.417 0.033 13 3 roar_ultra_low
206.500 0.017 11 8 kick_tight
206.517 0.033 13 3 roar_ultra_low
206.600 0.017 11 8 kick_tight
206.617 0.033 13 3 roar_ultra_low
206.700 0.017 11 8 kick_tight
206.717 0.033 13 3 roar_ultra_low
206.800 0.017 11 8 kick_tight
206.817 0.033 13 3 roar_ultra_low
206.900 0.017 11 8 kick_tight
206.917 0.033 13 3 roar_ultra_low
207.000 0.017 11 8 kick_tight
207.017 0.033 13 3 roar_ultra_low
207.100 0.017 11 8 kick_tight
207.117 0.033 13 3 roar_ultra_low
207.200 0.017 11 8 kick_tight
207.217 0.033 13 3 roar_ultra_low
207.300 0.017 11 8 kick_tight
207.317 0.033 13 3 roar_ultra_low
207.400 0.017 11 8 kick_tight
207.417 0.033 13 3 roar_ultra_low
207.500 0.017 11 8 kick_tight
207.517 0.033 13 3 roar_ultra_low
207.600 0.100 8 6 tom_low
207.700 0.050 13 1 roar_ultra_low
207.800 0.100 8 6 tom_low
207.900 0.050 13 1 roar_ultra_low
208.000 0.017 11 8 kick_tight
208.017 0.033 13 3 roar_ultra_low
208.100 0.017 11 8 kick_tight
208.117 0.033 13 3 roar_ultra_low
208.200 0.017 11 8 kick_tight
208.217 0.033 13 3 roar_ultra_low
208.300 0.017 11 8 kick_tight
208.317 0.033 13 3 roar_ultra_low
208.400 0.017 11 8 kick_tight
208.417 0.033 13 3 roar_ultra_low
208.500 0.017 11 8 kick_tight
208.517 0.033 13 3 roar_ultra_low
208.600 0.017 11 8 kick_tight
208.617 0.033 13 3 roar_ultra_low
208.700 0.017 11 8 kick_tight
208.717 0.033 13 3 roar_ultra_low
208.800 0.017 11 8 kick_tight
208.817 0.033 13 3 roar_ultra_low
208.900 0.017 11 8 kick_tight
208.917 0.033 13 3 roar_ultra_low
209.000 0.017 11 8 kick_tight
209.017 0.033 13 3 roar_ultra_low
209.100 0.017 11 8 kick_tight
209.117 0.033 13 3 roar_ultra_low
209.200 0.100 8 6 tom_low
209.300 0.050 13 1 roar_ultra_low
209.400 0.100 8 6 tom_low
209.500 0.050 13 1 roar_ultra_low
209.600 0.017 11 8 kick_tight
209.617 0.033 13 3 roar_ultra_low
209.700 0.017 11 8 kick_tight
209.717 0.033 13 3 roar_ultra_low
209.800 0.017 11 8 kick_tight
209.817 0.033 13 3 roar_ultra_low
209.900 0.017 11 8 kick_tight
209.917 0.033 13 3 roar_ultra_low
210.000 0.017 11 8 kick_tight
210.017 0.033 13 3 roar_ultra_low
210.100 0.017 11 8 kick_tight
210.117 0.033 13 3 roar_ultra_low
210.200 0.017 11 8 kick_tight
210.217 0.033 13 3 roar_ultra_low
210.300 0.017 11 8 kick_tight
210.317 0.033 13 3 roar_ultra_low
210.400 0.017 11 8 kick_tight
210.417 0.033 13 3 roar_ultra_low
210.500 0.017 11 8 kick_tight
210.517 0.033 13 3 roar_ultra_low
210.600 0.017 11 8 kick_tight
210.617 0.033 13 3 roar_ultra_low
210.700 0.017 11 8 kick_tight
210.717 0.033 13 3 roar_ultra_low
210.800 0.300 8 6 tom_low
211.100 0.050 13 1 roar_ultra_low
211.200 0.017 11 8 kick_tight
211.217 0.033 13 3 roar_ultra_low
211.400 0.017 11 8 kick_tight
211.417 0.033 13 3 roar_ultra_low
211.500 0.017 11 8 kick_tight
211.517 0.033 13 3 roar_ultra_low
211.600 0.100 8 6 tom_low
211.700 0.050 13 1 roar_ultra_low
211.800 0.017 11 8 kick_tight
211.817 0.033 13 3 roar_ultra_low
211.900 0.017 11 8 kick_tight
211.917 0.033 13 3 roar_ultra_low
212.000 0.017 11 8 kick_tight
212.017 0.033 13 3 roar_ultra_low
212.200 0.017 11 8 kick_tight
212.217 0.033 13 3 roar_ultra_low
212.300 0.017 11 8 kick_tight
212.317 0.033 13 3 roar_ultra_low
212.400 0.100 8 6 tom_low
212.500 0.050 13 1 roar_ultra_low
212.600 0.100 8 6 tom_low
212.700 0.050 13 1 roar_ultra_low
212.800 0.017 11 8 kick_tight
212.817 0.033 13 3 roar_ultra_low
213.000 0.017 11 8 kick_tight
213.017 0.033 13 3 roar_ultra_low
213.100 0.017 11 8 kick_tight
213.117 0.033 13 3 roar_ultra_low
213.200 0.100 8 6 tom_low
213.300 0.050 13 1 roar_ultra_low
213.400 0.017 11 8 kick_tight
213.417 0.033 13 3 roar_ultra_low
213.500 0.017 11 8 kick_tight
213.517 0.033 13 3 roar_ultra_low
213.600 0.017 11 8 kick_tight
213.617 0.033 13 3 roar_ultra_low
213.800 0.017 11 8 kick_tight
213.817 0.033 13 3 roar_ultra_low
213.900 0.017 11 8 kick_tight
213.917 0.033 13 3 roar_ultra_low
214.000 0.100 8 6 tom_low
214.100 0.050 13 1 roar_ultra_low
214.200 0.100 8 6 tom_low
214.300 0.050 13 1 roar_ultra_low
214.400 0.100 8 6 tom_low
214.500 0.050 13 1 roar_ultra_low
214.600 0.017 11 8 kick_tight
214.617 0.033 13 3 roar_ultra_low
214.700 0.017 11 8 kick_tight
214.717 0.033 13 3 roar_ultra_low
214.800 0.100 8 6 tom_low
214.900 0.050 13 1 roar_ultra_low
215.000 0.017 11 8 kick_tight
215.017 0.033 13 3 roar_ultra_low
215.100 0.017 11 8 kick_tight
215.117 0.033 13 3 roar_ultra_low
215.200 0.100 8 6 tom_low
215.300 0.050 13 1 roar_ultra_low
215.400 0.017 11 8 kick_tight
215.417 0.033 13 3 roar_ultra_low
215.500 0.017 11 8 kick_tight
215.517 0.033 13 3 roar_ultra_low
215.600 0.100 8 6 tom_low
215.700 0.050 13 1 roar_ultra_low
215.800 0.017 11 8 kick_tight
215.817 0.033 13 3 roar_ultra_low
215.900 0.017 11 8 kick_tight
215.917 0.033 13 3 roar_ultra_low
216.000 0.100 8 6 tom_low
216.100 0.050 13 1 roar_ultra_low
216.200 0.017 11 8 kick_tight
216.217 0.033 13 3 roar_ultra_low
216.300 0.017 11 8 kick_tight
216.317 0.033 13 3 roar_ultra_low
216.400 0.100 8 6 tom_low
216.500 0.050 13 1 roar_ultra_low
216.600 0.017 11 8 kick_tight
216.617 0.033 13 3 roar_ultra_low
216.700 0.017 11 8 kick_tight
216.717 0.033 13 3 roar_ultra_low
216.800 0.100 8 6 tom_low
216.900 0.050 13 1 roar_ultra_low
217.000 0.017 11 8 kick_tight
217.017 0.033 13 3 roar_ultra_low
217.100 0.017 11 8 kick_tight
217.117 0.033 13 3 roar_ultra_low
217.200 0.100 8 6 tom_low
217.300 0.050 13 1 roar_ultra_low
217.400 0.100 8 6 tom_low
217.500 0.050 13 1 roar_ultra_low
217.600 0.017 11 8 kick_tight
217.617 0.033 13 3 roar_ultra_low
217.800 0.017 11 8 kick_tight
217.817 0.033 13 3 roar_ultra_low
217.900 0.017 11 8 kick_tight
217.917 0.033 13 3 roar_ultra_low
218.000 0.100 8 6 tom_low
218.100 0.050 13 1 roar_ultra_low
218.200 0.017 11 8 kick_tight
218.217 0.033 13 3 roar_ultra_low
218.300 0.017 11 8 kick_tight
218.317 0.033 13 3 roar_ultra_low
218.400 0.017 11 8 kick_tight
218.417 0.033 13 3 roar_ultra_low
218.600 0.017 11 8 kick_tight
218.617 0.033 13 3 roar_ultra_low
218.700 0.017 11 8 kick_tight
218.717 0.033 13 3 roar_ultra_low
218.800 0.100 8 6 tom_low
218.900 0.050 13 1 roar_ultra_low
219.000 0.017 11 8 kick_tight
219.017 0.033 13 3 roar_ultra_low
219.100 0.017 11 8 kick_tight
219.117 0.033 13 3 roar_ultra_low
219.200 0.017 11 8 kick_tight
219.217 0.033 13 3 roar_ultra_low
219.400 0.017 11 8 kick_tight
219.417 0.033 13 3 roar_ultra_low
219.500 0.017 11 8 kick_tight
219.517 0.033 13 3 roar_ultra_low
219.600 0.100 8 6 tom_low
219.700 0.050 13 1 roar_ultra_low
219.800 0.017 11 8 kick_tight
219.817 0.033 13 3 roar_ultra_low
219.900 0.017 11 8 kick_tight
219.917 0.033 13 3 roar_ultra_low
220.000 0.017 11 8 kick_tight
220.017 0.033 13 3 roar_ultra_low
220.200 0.017 11 8 kick_tight
220.217 0.033 13 3 roar_ultra_low
220.300 0.017 11 8 kick_tight
220.317 0.033 13 3 roar_ultra_low
220.400 0.100 8 6 tom_low
220.500 0.050 13 1 roar_ultra_low
220.600 0.017 11 8 kick_tight
220.617 0.033 13 3 roar_ultra_low
220.700 0.017 11 8 kick_tight
220.717 0.033 13 3 roar_ultra_low
220.800 0.017 11 8 kick_tight
220.817 0.033 13 3 roar_ultra_low
221.200 0.100 8 6 tom_low
221.300 0.050 13 1 roar_ultra_low
221.600 0.017 11 8 kick_tight
221.617 0.033 13 3 roar_ultra_low
222.000 0.100 8 6 tom_low
222.100 0.050 13 1 roar_ultra_low
222.400 0.017 11 8 kick_tight
222.417 0.033 13 3 roar_ultra_low
222.600 0.017 11 8 kick_tight
222.617 0.033 13 3 roar_ultra_low
222.800 0.017 11 8 kick_tight
222.817 0.033 13 3 roar_ultra_low
223.000 0.017 11 8 kick_tight
223.017 0.033 13 3 roar_ultra_low
223.200 0.017 11 8 kick_tight
223.217 0.033 13 3 roar_ultra_low
223.400 0.017 11 8 kick_tight
223.417 0.033 13 3 roar_ultra_low
223.600 0.300 8 6 tom_low
223.900 0.050 13 1 roar_ultra_low
224.000 0.100 8 6 tom_low
224.100 0.050 13 1 roar_ultra_low
224.200 0.017 11 8 kick_tight
224.217 0.033 13 3 roar_ultra_low
224.400 0.100 8 6 tom_low
224.500 0.050 13 1 roar_ultra_low
224.600 0.017 11 8 kick_tight
224.617 0.033 13 3 roar_ultra_low
224.800 0.100 8 6 tom_low
224.900 0.050 13 1 roar_ultra_low
225.000 0.017 11 8 kick_tight
225.017 0.033 13 3 roar_ultra_low
225.200 0.100 8 6 tom_low
225.300 0.050 13 1 roar_ultra_low
225.400 0.017 11 8 kick_tight
225.417 0.033 13 3 roar_ultra_low
225.500 0.017 11 8 kick_tight
225.517 0.033 13 3 roar_ultra_low
225.600 0.100 8 6 tom_low
225.700 0.050 13 1 roar_ultra_low
225.800 0.017 11 8 kick_tight
225.817 0.033 13 3 roar_ultra_low
226.000 0.100 8 6 tom_low
226.100 0.050 13 1 roar_ultra_low
226.200 0.017 11 8 kick_tight
226.217 0.033 13 3 roar_ultra_low
226.400 0.100 8 6 tom_low
226.500 0.050 13 1 roar_ultra_low
226.600 0.017 11 8 kick_tight
226.617 0.033 13 3 roar_ultra_low
226.800 0.100 8 6 tom_low
226.900 0.050 13 1 roar_ultra_low
227.000 0.017 11 8 kick_tight
227.017 0.033 13 3 roar_ultra_low
227.100 0.017 11 8 kick_tight
227.117 0.033 13 3 roar_ultra_low
227.200 0.100 8 6 tom_low
227.300 0.050 13 1 roar_ultra_low
227.400 0.017 11 8 kick_tight
227.417 0.033 13 3 roar_ultra_low
227.600 0.100 8 6 tom_low
227.700 0.050 13 1 roar_ultra_low
227.800 0.017 11 8 kick_tight
227.817 0.033 13 3 roar_ultra_low
228.000 0.100 8 6 tom_low
228.100 0.050 13 1 roar_ultra_low
228.200 0.017 11 8 kick_tight
228.217 0.033 13 3 roar_ultra_low
228.400 0.100 8 6 tom_low
228.500 0.050 13 1 roar_ultra_low
228.600 0.017 11 8 kick_tight
228.617 0.033 13 3 roar_ultra_low
228.700 0.017 11 8 kick_tight
228.717 0.033 13 3 roar_ultra_low
228.800 0.100 8 6 tom_low
228.900 0.050 13 1 roar_ultra_low
229.000 0.017 11 8 kick_tight
229.017 0.033 13 3 roar_ultra_low
229.200 0.100 8 6 tom_low
229.300 0.050 13 1 roar_ultra_low
229.400 0.017 11 8 kick_tight
229.417 0.033 13 3 roar_ultra_low
229.600 0.100 8 6 tom_low
229.700 0.050 13 1 roar_ultra_low
229.800 0.017 11 8 kick_tight
229.817 0.033 13 3 roar_ultra_low
230.000 0.100 8 6 tom_low
230.100 0.050 13 1 roar_ultra_low
230.200 0.017 11 8 kick_tight
230.217 0.033 13 3 roar_ultra_low
230.300 0.017 11 8 kick_tight
230.317 0.033 13 3 roar_ultra_low
230.400 0.017 11 8 kick_tight
230.417 0.033 13 3 roar_ultra_low
230.500 0.017 11 8 kick_tight
230.517 0.033 13 3 roar_ultra_low
230.600 0.017 11 8 kick_tight
230.617 0.033 13 3 roar_ultra_low
230.700 0.017 11 8 kick_tight
230.717 0.033 13 3 roar_ultra_low
230.800 0.017 11 8 kick_tight
230.817 0.033 13 3 roar_ultra_low
230.900 0.017 11 8 kick_tight
230.917 0.033 13 3 roar_ultra_low
231.000 0.017 11 8 kick_tight
231.017 0.033 13 3 roar_ultra_low
231.100 0.017 11 8 kick_tight
231.117 0.033 13 3 roar_ultra_low
231.200 0.017 11 8 kick_tight
231.217 0.033 13 3 roar_ultra_low
231.300 0.017 11 8 kick_tight
231.317 0.033 13 3 roar_ultra_low
231.400 0.017 11 8 kick_tight
231.417 0.033 13 3 roar_ultra_low
231.500 0.017 11 8 kick_tight
231.517 0.033 13 3 roar_ultra_low
231.600 0.100 8 6 tom_low
231.700 0.050 13 1 roar_ultra_low
231.800 0.100 8 6 tom_low
231.900 0.050 13 1 roar_ultra_low
232.000 0.017 11 8 kick_tight
232.017 0.033 13 3 roar_ultra_low
232.100 0.017 11 8 kick_tight
232.117 0.033 13 3 roar_ultra_low
232.200 0.017 11 8 kick_tight
232.217 0.033 13 3 roar_ultra_low
232.300 0.017 11 8 kick_tight
232.317 0.033 13 3 roar_ultra_low
232.400 0.017 11 8 kick_tight
232.417 0.033 13 3 roar_ultra_low
232.500 0.017 11 8 kick_tight
232.517 0.033 13 3 roar_ultra_low
232.600 0.017 11 8 kick_tight
232.617 0.033 13 3 roar_ultra_low
232.700 0.017 11 8 kick_tight
232.717 0.033 13 3 roar_ultra_low
232.800 0.017 11 8 kick_tight
232.817 0.033 13 3 roar_ultra_low
232.900 0.017 11 8 kick_tight
232.917 0.033 13 3 roar_ultra_low
233.000 0.017 11 8 kick_tight
233.017 0.033 13 3 roar_ultra_low
233.100 0.017 11 8 kick_tight
233.117 0.033 13 3 roar_ultra_low
233.200 0.100 8 6 tom_low
233.300 0.050 13 1 roar_ultra_low
233.400 0.100 8 6 tom_low
233.500 0.050 13 1 roar_ultra_low
233.600 0.017 11 8 kick_tight
233.617 0.033 13 3 roar_ultra_low
233.700 0.017 11 8 kick_tight
233.717 0.033 13 3 roar_ultra_low
233.800 0.017 11 8 kick_tight
233.817 0.033 13 3 roar_ultra_low
233.900 0.017 11 8 kick_tight
233.917 0.033 13 3 roar_ultra_low
234.000 0.017 11 8 kick_tight
234.017 0.033 13 3 roar_ultra_low
234.100 0.017 11 8 kick_tight
234.117 0.033 13 3 roar_ultra_low
234.200 0.017 11 8 kick_tight
234.217 0.033 13 3 roar_ultra_low
234.300 0.017 11 8 kick_tight
234.317 0.033 13 3 roar_ultra_low
234.400 0.017 11 8 kick_tight
234.417 0.033 13 3 roar_ultra_low
234.500 0.017 11 8 kick_tight
234.517 0.033 13 3 roar_ultra_low
234.600 0.017 11 8 kick_tight
234.617 0.033 13 3 roar_ultra_low
234.700 0.017 11 8 kick_tight
234.717 0.033 13 3 roar_ultra_low
234.800 0.100 8 6 tom_low
234.900 0.050 13 1 roar_ultra_low
235.000 0.100 8 6 tom_low
235.100 0.050 13 1 roar_ultra_low
235.200 0.017 11 8 kick_tight
235.217 0.033 13 3 roar_ultra_low
235.300 0.017 11 8 kick_tight
235.317 0.033 13 3 roar_ultra_low
235.400 0.017 11 8 kick_tight
235.417 0.033 13 3 roar_ultra_low
235.500 0.017 11 8 kick_tight
235.517 0.033 13 3 roar_ultra_low
235.600 0.017 11 8 kick_tight
235.617 0.033 13 3 roar_ultra_low
235.700 0.017 11 8 kick_tight
235.717 0.033 13 3 roar_ultra_low
235.800 0.017 11 8 kick_tight
235.817 0.033 13 3 roar_ultra_low
235.900 0.017 11 8 kick_tight
235.917 0.033 13 3 roar_ultra_low
236.000 0.017 11 8 kick_tight
236.017 0.033 13 3 roar_ultra_low
236.100 0.017 11 8 kick_tight
236.117 0.033 13 3 roar_ultra_low
236.200 0.017 11 8 kick_tight
236.217 0.033 13 3 roar_ultra_low
236.300 0.017 11 8 kick_tight
236.317 0.033 13 3 roar_ultra_low
236.400 0.300 8 6 tom_low
236.700 0.050 13 1 roar_ultra_low
236.800 0.017 11 8 kick_tight
236.817 0.033 13 3 roar_ultra_low
236.900 0.017 11 8 kick_tight
236.917 0.033 13 3 roar_ultra_low
237.000 0.017 11 8 kick_tight
237.017 0.033 13 3 roar_ultra_low
237.100 0.017 11 8 kick_tight
237.117 0.033 13 3 roar_ultra_low
237.200 0.017 11 8 kick_tight
237.217 0.033 13 3 roar_ultra_low
237.300 0.017 11 8 kick_tight
237.317 0.033 13 3 roar_ultra_low
237.400 0.017 11 8 kick_tight
237.417 0.033 13 3 roar_ultra_low
237.500 0.017 11 8 kick_tight
237.517 0.033 13 3 roar_ultra_low
237.600 0.017 11 8 kick_tight
237.617 0.033 13 3 roar_ultra_low
237.700 0.017 11 8 kick_tight
237.717 0.033 13 3 roar_ultra_low
237.800 0.017 11 8 kick_tight
237.817 0.033 13 3 roar_ultra_low
237.900 0.017 11 8 kick_tight
237.917 0.033 13 3 roar_ultra_low
238.000 0.100 8 6 tom_low
238.100 0.050 13 1 roar_ultra_low
238.200 0.100 8 6 tom_low
238.300 0.050 13 1 roar_ultra_low
238.400 0.017 11 8 kick_tight
238.417 0.033 13 3 roar_ultra_low
238.500 0.017 11 8 kick_tight
238.517 0.033 13 3 roar_ultra_low
238.600 0.017 11 8 kick_tight
238.617 0.033 13 3 roar_ultra_low
238.700 0.017 11 8 kick_tight
238.717 0.033 13 3 roar_ultra_low
238.800 0.017 11 8 kick_tight
238.817 0.033 13 3 roar_ultra_low
238.900 0.017 11 8 kick_tight
238.917 0.033 13 3 roar_ultra_low
239.000 0.017 11 8 kick_tight
239.017 0.033 13 3 roar_ultra_low
239.100 0.017 11 8 kick_tight
239.117 0.033 13 3 roar_ultra_low
239.200 0.017 11 8 kick_tight
239.217 0.033 13 3 roar_ultra_low
239.300 0.017 11 8 kick_tight
239.317 0.033 13 3 roar_ultra_low
239.400 0.017 11 8 kick_tight
239.417 0.033 13 3 roar_ultra_low
239.500 0.017 11 8 kick_tight
239.517 0.033 13 3 roar_ultra_low
239.600 0.100 8 6 tom_low
239.700 0.050 13 1 roar_ultra_low
239.800 0.100 8 6 tom_low
239.900 0.050 13 1 roar_ultra_low
240.000 0.017 11 8 kick_tight
240.017 0.033 13 3 roar_ultra_low
240.100 0.017 11 8 kick_tight
240.117 0.033 13 3 roar_ultra_low
240.200 0.017 11 8 kick_tight
240.217 0.033 13 3 roar_ultra_low
240.300 0.017 11 8 kick_tight
240.317 0.033 13 3 roar_ultra_low
240.400 0.017 11 8 kick_tight
240.417 0.033 13 3 roar_ultra_low
240.500 0.017 11 8 kick_tight
240.517 0.033 13 3 roar_ultra_low
240.600 0.017 11 8 kick_tight
240.617 0.033 13 3 roar_ultra_low
240.700 0.017 11 8 kick_tight
240.717 0.033 13 3 roar_ultra_low
240.800 0.017 11 8 kick_tight
240.817 0.033 13 3 roar_ultra_low
240.900 0.017 11 8 kick_tight
240.917 0.033 13 3 roar_ultra_low
241.000 0.017 11 8 kick_tight
241.017 0.033 13 3 roar_ultra_low
241.100 0.017 11 8 kick_tight
241.117 0.033 13 3 roar_ultra_low
241.200 0.100 8 6 tom_low
241.300 0.050 13 1 roar_ultra_low
241.400 0.100 8 6 tom_low
241.500 0.050 13 1 roar_ultra_low
241.600 0.017 11 8 kick_tight
241.617 0.033 13 3 roar_ultra_low
241.700 0.017 11 8 kick_tight
241.717 0.033 13 3 roar_ultra_low
241.800 0.017 11 8 kick_tight
241.817 0.033 13 3 roar_ultra_low
241.900 0.017 11 8 kick_tight
241.917 0.033 13 3 roar_ultra_low
242.000 0.017 11 8 kick_tight
242.017 0.033 13 3 roar_ultra_low
242.100 0.017 11 8 kick_tight
242.117 0.033 13 3 roar_ultra_low
242.200 0.017 11 8 kick_tight
242.217 0.033 13 3 roar_ultra_low
242.300 0.017 11 8 kick_tight
242.317 0.033 13 3 roar_ultra_low
242.400 0.017 11 8 kick_tight
242.417 0.033 13 3 roar_ultra_low
242.500 0.017 11 8 kick_tight
242.517 0.033 13 3 roar_ultra_low
242.600 0.017 11 8 kick_tight
242.617 0.033 13 3 roar_ultra_low
242.700 0.017 11 8 kick_tight
242.717 0.033 13 3 roar_ultra_low
242.800 0.300 8 6 tom_low
243.100 0.050 13 1 roar_ultra_low
243.200 0.017 11 8 kick_tight
243.217 0.033 13 3 roar_ultra_low
243.400 0.017 11 8 kick_tight
243.417 0.033 13 3 roar_ultra_low
243.500 0.017 11 8 kick_tight
243.517 0.033 13 3 roar_ultra_low
243.600 0.100 8 6 tom_low
243.700 0.050 13 1 roar_ultra_low
243.800 0.017 11 8 kick_tight
243.817 0.033 13 3 roar_ultra_low
243.900 0.017 11 8 kick_tight
243.917 0.033 13 3 roar_ultra_low
244.000 0.017 11 8 kick_tight
244.017 0.033 13 3 roar_ultra_low
244.200 0.017 11 8 kick_tight
244.217 0.033 13 3 roar_ultra_low
244.300 0.017 11 8 kick_tight
244.317 0.033 13 3 roar_ultra_low
244.400 0.100 8 6 tom_low
244.500 0.050 13 1 roar_ultra_low
244.600 0.100 8 6 tom_low
244.700 0.050 13 1 roar_ultra_low
244.800 0.017 11 8 kick_tight
244.817 0.033 13 3 roar_ultra_low
245.000 0.017 11 8 kick_tight
245.017 0.033 13 3 roar_ultra_low
245.100 0.017 11 8 kick_tight
245.117 0.033 13 3 roar_ultra_low
245.200 0.100 8 6 tom_low
245.300 0.050 13 1 roar_ultra_low
245.400 0.017 11 8 kick_tight
245.417 0.033 13 3 roar_ultra_low
245.500 0.017 11 8 kick_tight
245.517 0.033 13 3 roar_ultra_low
245.600 0.017 11 8 kick_tight
245.617 0.033 13 3 roar_ultra_low
245.800 0.017 11 8 kick_tight
245.817 0.033 13 3 roar_ultra_low
245.900 0.017 11 8 kick_tight
245.917 0.033 13 3 roar_ultra_low
246.000 0.100 8 6 tom_low
246.100 0.050 13 1 roar_ultra_low
246.200 0.100 8 6 tom_low
246.300 0.050 13 1 roar_ultra_low
246.400 0.100 8 6 tom_low
246.500 0.050 13 1 roar_ultra_low
246.600 0.017 11 8 kick_tight
246.617 0.033 13 3 roar_ultra_low
246.700 0.017 11 8 kick_tight
246.717 0.033 13 3 roar_ultra_low
246.800 0.100 8 6 tom_low
246.900 0.050 13 1 roar_ultra_low
247.000 0.017 11 8 kick_tight
247.017 0.033 13 3 roar_ultra_low
247.100 0.017 11 8 kick_tight
247.117 0.033 13 3 roar_ultra_low
247.200 0.100 8 6 tom_low
247.300 0.050 13 1 roar_ultra_low
247.400 0.017 11 8 kick_tight
247.417 0.033 13 3 roar_ultra_low
247.500 0.017 11 8 kick_tight
247.517 0.033 13 3 roar_ultra_low
247.600 0.100 8 6 tom_low
247.700 0.050 13 1 roar_ultra_low
247.800 0.017 11 8 kick_tight
247.817 0.033 13 3 roar_ultra_low
247.900 0.017 11 8 kick_tight
247.917 0.033 13 3 roar_ultra_low
248.000 0.100 8 6 tom_low
248.100 0.050 13 1 roar_ultra_low
248.200 0.017 11 8 kick_tight
248.217 0.033 13 3 roar_ultra_low
248.300 0.017 11 8 kick_tight
248.317 0.033 13 3 roar_ultra_low
248.400 0.100 8 6 tom_low
248.500 0.050 13 1 roar_ultra_low
248.600 0.017 11 8 kick_tight
248.617 0.033 13 3 roar_ultra_low
248.700 0.017 11 8 kick_tight
248.717 0.033 13 3 roar_ultra_low
248.800 0.100 8 6 tom_low
248.900 0.050 13 1 roar_ultra_low
249.000 0.017 11 8 kick_tight
249.017 0.033 13 3 roar_ultra_low
249.100 0.017 11 8 kick_tight
249.117 0.033 13 3 roar_ultra_low
249.200 0.100 8 6 tom_low
249.300 0.050 13 1 roar_ultra_low
249.400 0.100 8 6 tom_low
249.500 0.050 13 1 roar_ultra_low
249.600 0.017 11 8 kick_tight
249.617 0.033 13 3 roar_ultra_low
249.800 0.017 11 8 kick_tight
249.817 0.033 13 3 roar_ultra_low
249.900 0.017 11 8 kick_tight
249.917 0.033 13 3 roar_ultra_low
250.000 0.100 8 6 tom_low
250.100 0.050 13 1 roar_ultra_low
250.200 0.017 11 8 kick_tight
250.217 0.033 13 3 roar_ultra_low
250.300 0.017 11 8 kick_tight
250.317 0.033 13 3 roar_ultra_low
250.400 0.017 11 8 kick_tight
250.417 0.033 13 3 roar_ultra_low
250.600 0.017 11 8 kick_tight
250.617 0.033 13 3 roar_ultra_low
250.700 0.017 11 8 kick_tight
250.717 0.033 13 3 roar_ultra_low
250.800 0.100 8 6 tom_low
250.900 0.050 13 1 roar_ultra_low
251.000 0.017 11 8 kick_tight
251.017 0.033 13 3 roar_ultra_low
251.100 0.017 11 8 kick_tight
251.117 0.033 13 3 roar_ultra_low
251.200 0.017 11 8 kick_tight
251.217 0.033 13 3 roar_ultra_low
251.400 0.017 11 8 kick_tight
251.417 0.033 13 3 roar_ultra_low
251.500 0.017 11 8 kick_tight
251.517 0.033 13 3 roar_ultra_low
251.600 0.100 8 6 tom_low
251.700 0.050 13 1 roar_ultra_low
251.800 0.017 11 8 kick_tight
251.817 0.033 13 3 roar_ultra_low
251.900 0.017 11 8 kick_tight
251.917 0.033 13 3 roar_ultra_low
252.000 0.017 11 8 kick_tight
252.017 0.033 13 3 roar_ultra_low
252.200 0.017 11 8 kick_tight
252.217 0.033 13 3 roar_ultra_low
252.300 0.017 11 8 kick_tight
252.317 0.033 13 3 roar_ultra_low
252.400 0.100 8 6 tom_low
252.500 0.050 13 1 roar_ultra_low
252.600 0.017 11 8 kick_tight
252.617 0.033 13 3 roar_ultra_low
252.700 0.017 11 8 kick_tight
252.717 0.033 13 3 roar_ultra_low
252.800 0.017 11 8 kick_tight
252.817 0.033 13 3 roar_ultra_low
253.200 0.100 8 6 tom_low
253.300 0.050 13 1 roar_ultra_low
253.600 0.017 11 8 kick_tight
253.617 0.033 13 3 roar_ultra_low
254.000 0.100 8 6 tom_low
254.100 0.050 13 1 roar_ultra_low
254.400 0.017 11 8 kick_tight
254.417 0.033 13 3 roar_ultra_low
254.600 0.017 11 8 kick_tight
254.617 0.033 13 3 roar_ultra_low
254.800 0.017 11 8 kick_tight
254.817 0.033 13 3 roar_ultra_low
255.000 0.017 11 8 kick_tight
255.017 0.033 13 3 roar_ultra_low
255.200 0.017 11 8 kick_tight
255.217 0.033 13 3 roar_ultra_low
255.400 0.017 11 8 kick_tight
255.417 0.033 13 3 roar_ultra_low
255.600 0.300 8 6 tom_low
255.900 0.050 13 1 roar_ultra_low
256.000 0.100 8 6 tom_low
256.100 0.050 13 1 roar_ultra_low
256.200 0.017 11 8 kick_tight
256.217 0.033 13 3 roar_ultra_low
256.400 0.100 8 6 tom_low
256.500 0.050 13 1 roar_ultra_low
256.600 0.017 11 8 kick_tight
256.617 0.033 13 3 roar_ultra_low
256.800 0.100 8 6 tom_low
256.900 0.050 13 1 roar_ultra_low
257.000 0.017 11 8 kick_tight
257.017 0.033 13 3 roar_ultra_low
257.200 0.100 8 6 tom_low
257.300 0.050 13 1 roar_ultra_low
257.400 0.017 11 8 kick_tight
257.417 0.033 13 3 roar_ultra_low
257.500 0.017 11 8 kick_tight
257.517 0.033 13 3 roar_ultra_low
257.600 0.100 8 6 tom_low
257.700 0.050 13 1 roar_ultra_low
257.800 0.017 11 8 kick_tight
257.817 0.033 13 3 roar_ultra_low
258.000 0.100 8 6 tom_low
258.100 0.050 13 1 roar_ultra_low
258.200 0.017 11 8 kick_tight
258.217 0.033 13 3 roar_ultra_low
258.400 0.100 8 6 tom_low
258.500 0.050 13 1 roar_ultra_low
258.600 0.017 11 8 kick_tight
258.617 0.033 13 3 roar_ultra_low
258.800 0.100 8 6 tom_low
258.900 0.050 13 1 roar_ultra_low
259.000 0.017 11 8 kick_tight
259.017 0.033 13 3 roar_ultra_low
259.100 0.017 11 8 kick_tight
259.117 0.033 13 3 roar_ultra_low
259.200 0.100 8 6 tom_low
259.300 0.050 13 1 roar_ultra_low
259.400 0.017 11 8 kick_tight
259.417 0.033 13 3 roar_ultra_low
259.600 0.100 8 6 tom_low
259.700 0.050 13 1 roar_ultra_low
259.800 0.017 11 8 kick_tight
259.817 0.033 13 3 roar_ultra_low
260.000 0.100 8 6 tom_low
260.100 0.050 13 1 roar_ultra_low
260.200 0.017 11 8 kick_tight
260.217 0.033 13 3 roar_ultra_low
260.400 0.100 8 6 tom_low
260.500 0.050 13 1 roar_ultra_low
260.600 0.017 11 8 kick_tight
260.617 0.033 13 3 roar_ultra_low
260.700 0.017 11 8 kick_tight
260.717 0.033 13 3 roar_ultra_low
260.800 0.100 8 6 tom_low
260.900 0.050 13 1 roar_ultra_low
261.000 0.017 11 8 kick_tight
261.017 0.033 13 3 roar_ultra_low
261.200 0.100 8 6 tom_low
261.300 0.050 13 1 roar_ultra_low
261.400 0.017 11 8 kick_tight
261.417 0.033 13 3 roar_ultra_low
261.600 0.100 8 6 tom_low
261.700 0.050 13 1 roar_ultra_low
261.800 0.017 11 8 kick_tight
261.817 0.033 13 3 roar_ultra_low
262.000 0.100 8 6 tom_low
262.100 0.050 13 1 roar_ultra_low
262.200 0.017 11 8 kick_tight
262.217 0.033 13 3 roar_ultra_low
262.300 0.017 11 8 kick_tight
262.317 0.033 13 3 roar_ultra_low
262.400 0.017 11 8 kick_tight
262.417 0.033 13 3 roar_ultra_low
262.500 0.017 11 8 kick_tight
262.517 0.033 13 3 roar_ultra_low
262.600 0.017 11 8 kick_tight
262.617 0.033 13 3 roar_ultra_low
262.700 0.017 11 8 kick_tight
262.717 0.033 13 3 roar_ultra_low
262.800 0.017 11 8 kick_tight
262.817 0.033 13 3 roar_ultra_low
262.900 0.017 11 8 kick_tight
262.917 0.033 13 3 roar_ultra_low
263.000 0.017 11 8 kick_tight
263.017 0.033 13 3 roar_ultra_low
263.100 0.017 11 8 kick_tight
263.117 0.033 13 3 roar_ultra_low
263.200 0.017 11 8 kick_tight
263.217 0.033 13 3 roar_ultra_low
263.300 0.017 11 8 kick_tight
263.317 0.033 13 3 roar_ultra_low
263.400 0.017 11 8 kick_tight
263.417 0.033 13 3 roar_ultra_low
263.500 0.017 11 8 kick_tight
263.517 0.033 13 3 roar_ultra_low
263.600 0.100 8 6 tom_low
263.700 0.050 13 1 roar_ultra_low
263.800 0.100 8 6 tom_low
263.900 0.050 13 1 roar_ultra_low
264.000 0.017 11 8 kick_tight
264.017 0.033 13 3 roar_ultra_low
264.100 0.017 11 8 kick_tight
264.117 0.033 13 3 roar_ultra_low
264.200 0.017 11 8 kick_tight
264.217 0.033 13 3 roar_ultra_low
264.300 0.017 11 8 kick_tight
264.317 0.033 13 3 roar_ultra_low
264.400 0.017 11 8 kick_tight
264.417 0.033 13 3 roar_ultra_low
264.500 0.017 11 8 kick_tight
264.517 0.033 13 3 roar_ultra_low
264.600 0.017 11 8 kick_tight
264.617 0.033 13 3 roar_ultra_low
264.700 0.017 11 8 kick_tight
264.717 0.033 13 3 roar_ultra_low
264.800 0.017 11 8 kick_tight
264.817 0.033 13 3 roar_ultra_low
264.900 0.017 11 8 kick_tight
264.917 0.033 13 3 roar_ultra_low
265.000 0.017 11 8 kick_tight
265.017 0.033 13 3 roar_ultra_low
265.100 0.017 11 8 kick_tight
265.117 0.033 13 3 roar_ultra_low
265.200 0.100 8 6 tom_low
265.300 0.050 13 1 roar_ultra_low
265.400 0.100 8 6 tom_low
265.500 0.050 13 1 roar_ultra_low
265.600 0.017 11 8 kick_tight
265.617 0.033 13 3 roar_ultra_low
265.700 0.017 11 8 kick_tight
265.717 0.033 13 3 roar_ultra_low
265.800 0.017 11 8 kick_tight
265.817 0.033 13 3 roar_ultra_low
265.900 0.017 11 8 kick_tight
265.917 0.033 13 3 roar_ultra_low
266.000 0.017 11 8 kick_tight
266.017 0.033 13 3 roar_ultra_low
266.100 0.017 11 8 kick_tight
266.117 0.033 13 3 roar_ultra_low
266.200 0.017 11 8 kick_tight
266.217 0.033 13 3 roar_ultra_low
266.300 0.017 11 8 kick_tight
266.317 0.033 13 3 roar_ultra_low
266.400 0.017 11 8 kick_tight
266.417 0.033 13 3 roar_ultra_low
266.500 0.017 11 8 kick_tight
266.517 0.033 13 3 roar_ultra_low
266.600 0.017 11 8 kick_tight
266.617 0.033 13 3 roar_ultra_low
266.700 0.017 11 8 kick_tight
266.717 0.033 13 3 roar_ultra_low
266.800 0.100 8 6 tom_low
266.900 0.050 13 1 roar_ultra_low
267.000 0.100 8 6 tom_low
267.100 0.050 13 1 roar_ultra_low
267.200 0.017 11 8 kick_tight
267.217 0.033 13 3 roar_ultra_low
267.300 0.017 11 8 kick_tight
267.317 0.033 13 3 roar_ultra_low
267.400 0.017 11 8 kick_tight
267.417 0.033 13 3 roar_ultra_low
267.500 0.017 11 8 kick_tight
267.517 0.033 13 3 roar_ultra_low
267.600 0.017 11 8 kick_tight
267.617 0.033 13 3 roar_ultra_low
267.700 0.017 11 8 kick_tight
267.717 0.033 13 3 roar_ultra_low
267.800 0.017 11 8 kick_tight
267.817 0.033 13 3 roar_ultra_low
267.900 0.017 11 8 kick_tight
267.917 0.033 13 3 roar_ultra_low
268.000 0.017 11 8 kick_tight
268.017 0.033 13 3 roar_ultra_low
268.100 0.017 11 8 kick_tight
268.117 0.033 13 3 roar_ultra_low
268.200 0.017 11 8 kick_tight
268.217 0.033 13 3 roar_ultra_low
268.300 0.017 11 8 kick_tight
268.317 0.033 13 3 roar_ultra_low
268.400 0.300 8 6 tom_low
268.700 0.050 13 1 roar_ultra_low
268.800 0.017 11 8 kick_tight
268.817 0.033 13 3 roar_ultra_low
268.900 0.017 11 8 kick_tight
268.917 0.033 13 3 roar_ultra_low
269.000 0.017 11 8 kick_tight
269.017 0.033 13 3 roar_ultra_low
269.100 0.017 11 8 kick_tight
269.117 0.033 13 3 roar_ultra_low
269.200 0.017 11 8 kick_tight
269.217 0.033 13 3 roar_ultra_low
269.300 0.017 11 8 kick_tight
269.317 0.033 13 3 roar_ultra_low
269.400 0.017 11 8 kick_tight
269.417 0.033 13 3 roar_ultra_low
269.500 0.017 11 8 kick_tight
269.517 0.033 13 3 roar_ultra_low
269.600 0.017 11 8 kick_tight
269.617 0.033 13 3 roar_ultra_low
269.700 0.017 11 8 kick_tight
269.717 0.033 13 3 roar_ultra_low
269.800 0.017 11 8 kick_tight
269.817 0.033 13 3 roar_ultra_low
269.900 0.017 11 8 kick_tight
269.917 0.033 13 3 roar_ultra_low
270.000 0.100 8 6 tom_low
270.100 0.050 13 1 roar_ultra_low
270.200 0.100 8 6 tom_low
270.300 0.050 13 1 roar_ultra_low
270.400 0.017 11 8 kick_tight
270.417 0.033 13 3 roar_ultra_low
270.500 0.017 11 8 kick_tight
270.517 0.033 13 3 roar_ultra_low
270.600 0.017 11 8 kick_tight
270.617 0.033 13 3 roar_ultra_low
270.700 0.017 11 8 kick_tight
270.717 0.033 13 3 roar_ultra_low
270.800 0.017 11 8 kick_tight
270.817 0.033 13 3 roar_ultra_low
270.900 0.017 11 8 kick_tight
270.917 0.033 13 3 roar_ultra_low
271.000 0.017 11 8 kick_tight
271.017 0.033 13 3 roar_ultra_low
271.100 0.017 11 8 kick_tight
271.117 0.033 13 3 roar_ultra_low
271.200 0.017 11 8 kick_tight
271.217 0.033 13 3 roar_ultra_low
271.300 0.017 11 8 kick_tight
271.317 0.033 13 3 roar_ultra_low
271.400 0.017 11 8 kick_tight
271.417 0.033 13 3 roar_ultra_low
271.500 0.017 11 8 kick_tight
271.517 0.033 13 3 roar_ultra_low
271.600 0.100 8 6 tom_low
271.700 0.050 13 1 roar_ultra_low
271.800 0.100 8 6 tom_low
271.900 0.050 13 1 roar_ultra_low
272.000 0.017 11 8 kick_tight
272.017 0.033 13 3 roar_ultra_low
272.100 0.017 11 8 kick_tight
272.117 0.033 13 3 roar_ultra_low
272.200 0.017 11 8 kick_tight
272.217 0.033 13 3 roar_ultra_low
272.300 0.017 11 8 kick_tight
272.317 0.033 13 3 roar_ultra_low
272.400 0.017 11 8 kick_tight
272.417 0.033 13 3 roar_ultra_low
272.500 0.017 11 8 kick_tight
272.517 0.033 13 3 roar_ultra_low
272.600 0.017 11 8 kick_tight
272.617 0.033 13 3 roar_ultra_low
272.700 0.017 11 8 kick_tight
272.717 0.033 13 3 roar_ultra_low
272.800 0.017 11 8 kick_tight
272.817 0.033 13 3 roar_ultra_low
272.900 0.017 11 8 kick_tight
272.917 0.033 13 3 roar_ultra_low
273.000 0.017 11 8 kick_tight
273.017 0.033 13 3 roar_ultra_low
273.100 0.017 11 8 kick_tight
273.117 0.033 13 3 roar_ultra_low
273.200 0.100 8 6 tom_low
273.300 0.050 13 1 roar_ultra_low
273.400 0.100 8 6 tom_low
273.500 0.050 13 1 roar_ultra_low
273.600 0.017 11 8 kick_tight
273.617 0.033 13 3 roar_ultra_low
273.700 0.017 11 8 kick_tight
273.717 0.033 13 3 roar_ultra_low
273.800 0.017 11 8 kick_tight
273.817 0.033 13 3 roar_ultra_low
273.900 0.017 11 8 kick_tight
273.917 0.033 13 3 roar_ultra_low
274.000 0.017 11 8 kick_tight
274.017 0.033 13 3 roar_ultra_low
274.100 0.017 11 8 kick_tight
274.117 0.033 13 3 roar_ultra_low
274.200 0.017 11 8 kick_tight
274.217 0.033 13 3 roar_ultra_low
274.300 0.017 11 8 kick_tight
274.317 0.033 13 3 roar_ultra_low
274.400 0.017 11 8 kick_tight
274.417 0.033 13 3 roar_ultra_low
274.500 0.017 11 8 kick_tight
274.517 0.033 13 3 roar_ultra_low
274.600 0.017 11 8 kick_tight
274.617 0.033 13 3 roar_ultra_low
274.700 0.017 11 8 kick_tight
274.717 0.033 13 3 roar_ultra_low
274.800 0.300 8 6 tom_low
275.100 0.050 13 1 roar_ultra_low
275.200 0.017 11 8 kick_tight
275.217 0.033 13 3 roar_ultra_low
275.400 0.017 11 8 kick_tight
275.417 0.033 13 3 roar_ultra_low
275.500 0.017 11 8 kick_tight
275.517 0.033 13 3 roar_ultra_low
275.600 0.100 8 6 tom_low
275.700 0.050 13 1 roar_ultra_low
275.800 0.017 11 8 kick_tight
275.817 0.033 13 3 roar_ultra_low
275.900 0.017 11 8 kick_tight
275.917 0.033 13 3 roar_ultra_low
276.000 0.017 11 8 kick_tight
276.017 0.033 13 3 roar_ultra_low
276.200 0.017 11 8 kick_tight
276.217 0.033 13 3 roar_ultra_low
276.300 0.017 11 8 kick_tight
276.317 0.033 13 3 roar_ultra_low
276.400 0.100 8 6 tom_low
276.500 0.050 13 1 roar_ultra_low
276.600 0.100 8 6 tom_low
276.700 0.050 13 1 roar_ultra_low
276.800 0.017 11 8 kick_tight
276.817 0.033 13 3 roar_ultra_low
277.000 0.017 11 8 kick_tight
277.017 0.033 13 3 roar_ultra_low
277.100 0.017 11 8 kick_tight
277.117 0.033 13 3 roar_ultra_low
277.200 0.100 8 6 tom_low
277.300 0.050 13 1 roar_ultra_low
277.400 0.017 11 8 kick_tight
277.417 0.033 13 3 roar_ultra_low
277.500 0.017 11 8 kick_tight
277.517 0.033 13 3 roar_ultra_low
277.600 0.017 11 8 kick_tight
277.617 0.033 13 3 roar_ultra_low
277.800 0.017 11 8 kick_tight
277.817 0.033 13 3 roar_ultra_low
277.900 0.017 11 8 kick_tight
277.917 0.033 13 3 roar_ultra_low
278.000 0.100 8 6 tom_low
278.100 0.050 13 1 roar_ultra_low
278.200 0.100 8 6 tom_low
278.300 0.050 13 1 roar_ultra_low
278.400 0.100 8 6 tom_low
278.500 0.050 13 1 roar_ultra_low
278.600 0.017 11 8 kick_tight
278.617 0.033 13 3 roar_ultra_low
278.700 0.017 11 8 kick_tight
278.717 0.033 13 3 roar_ultra_low
278.800 0.100 8 6 tom_low
278.900 0.050 13 1 roar_ultra_low
279.000 0.017 11 8 kick_tight
279.017 0.033 13 3 roar_ultra_low
279.100 0.017 11 8 kick_tight
279.117 0.033 13 3 roar_ultra_low
279.200 0.100 8 6 tom_low
279.300 0.050 13 1 roar_ultra_low
279.400 0.017 11 8 kick_tight
279.417 0.033 13 3 roar_ultra_low
279.500 0.017 11 8 kick_tight
279.517 0.033 13 3 roar_ultra_low
279.600 0.100 8 6 tom_low
279.700 0.050 13 1 roar_ultra_low
279.800 0.017 11 8 kick_tight
279.817 0.033 13 3 roar_ultra_low
279.900 0.017 11 8 kick_tight
279.917 0.033 13 3 roar_ultra_low
280.000 0.100 8 6 tom_low
280.100 0.050 13 1 roar_ultra_low
280.200 0.017 11 8 kick_tight
280.217 0.033 13 3 roar_ultra_low
280.300 0.017 11 8 kick_tight
280.317 0.033 13 3 roar_ultra_low
280.400 0.100 8 6 tom_low
280.500 0.050 13 1 roar_ultra_low
280.600 0.017 11 8 kick_tight
280.617 0.033 13 3 roar_ultra_low
280.700 0.017 11 8 kick_tight
280.717 0.033 13 3 roar_ultra_low
280.800 0.100 8 6 tom_low
280.900 0.050 13 1 roar_ultra_low
281.000 0.017 11 8 kick_tight
281.017 0.033 13 3 roar_ultra_low
281.100 0.017 11 8 kick_tight
281.117 0.033 13 3 roar_ultra_low
281.200 0.100 8 6 tom_low
281.300 0.050 13 1 roar_ultra_low
281.400 0.100 8 6 tom_low
281.500 0.050 13 1 roar_ultra_low
281.600 0.017 11 8 kick_tight
281.617 0.033 13 3 roar_ultra_low
281.800 0.017 11 8 kick_tight
281.817 0.033 13 3 roar_ultra_low
281.900 0.017 11 8 kick_tight
281.917 0.033 13 3 roar_ultra_low
282.000 0.100 8 6 tom_low
282.100 0.050 13 1 roar_ultra_low
282.200 0.017 11 8 kick_tight
282.217 0.033 13 3 roar_ultra_low
282.300 0.017 11 8 kick_tight
282.317 0.033 13 3 roar_ultra_low
282.400 0.017 11 8 kick_tight
282.417 0.033 13 3 roar_ultra_low
282.600 0.017 11 8 kick_tight
282.617 0.033 13 3 roar_ultra_low
282.700 0.017 11 8 kick_tight
282.717 0.033 13 3 roar_ultra_low
282.800 0.100 8 6 tom_low
282.900 0.050 13 1 roar_ultra_low
283.000 0.017 11 8 kick_tight
283.017 0.033 13 3 roar_ultra_low
283.100 0.017 11 8 kick_tight
283.117 0.033 13 3 roar_ultra_low
283.200 0.017 11 8 kick_tight
283.217 0.033 13 3 roar_ultra_low
283.400 0.017 11 8 kick_tight
283.417 0.033 13 3 roar_ultra_low
283.500 0.017 11 8 kick_tight
283.517 0.033 13 3 roar_ultra_low
283.600 0.100 8 6 tom_low
283.700 0.050 13 1 roar_ultra_low
283.800 0.017 11 8 kick_tight
283.817 0.033 13 3 roar_ultra_low
283.900 0.017 11 8 kick_tight
283.917 0.033 13 3 roar_ultra_low
284.000 0.017 11 8 kick_tight
284.017 0.033 13 3 roar_ultra_low
284.200 0.017 11 8 kick_tight
284.217 0.033 13 3 roar_ultra_low
284.300 0.017 11 8 kick_tight
284.317 0.033 13 3 roar_ultra_low
284.400 0.100 8 6 tom_low
284.500 0.050 13 1 roar_ultra_low
284.600 0.017 11 8 kick_tight
284.617 0.033 13 3 roar_ultra_low
284.700 0.017 11 8 kick_tight
284.717 0.033 13 3 roar_ultra_low
284.800 0.017 11 8 kick_tight
284.817 0.033 13 3 roar_ultra_low
285.200 0.100 8 6 tom_low
285.300 0.050 13 1 roar_ultra_low
285.600 0.017 11 8 kick_tight
285.617 0.033 13 3 roar_ultra_low
286.000 0.100 8 6 tom_low
286.100 0.050 13 1 roar_ultra_low
286.400 0.017 11 8 kick_tight
286.417 0.033 13 3 roar_ultra_low
286.600 0.017 11 8 kick_tight
286.617 0.033 13 3 roar_ultra_low
286.800 0.017 11 8 kick_tight
286.817 0.033 13 3 roar_ultra_low
287.000 0.017 11 8 kick_tight
287.017 0.033 13 3 roar_ultra_low
287.200 0.017 11 8 kick_tight
287.217 0.033 13 3 roar_ultra_low
287.400 0.017 11 8 kick_tight
287.417 0.033 13 3 roar_ultra_low
287.600 0.300 8 6 tom_low
287.900 0.050 13 1 roar_ultra_low
288.000 0.100 8 6 tom_low
288.100 0.050 13 1 roar_ultra_low
288.200 0.017 11 8 kick_tight
288.217 0.033 13 3 roar_ultra_low
288.400 0.100 8 6 tom_low
288.500 0.050 13 1 roar_ultra_low
288.600 0.017 11 8 kick_tight
288.617 0.033 13 3 roar_ultra_low
288.800 0.100 8 6 tom_low
288.900 0.050 13 1 roar_ultra_low
289.000 0.017 11 8 kick_tight
289.017 0.033 13 3 roar_ultra_low
289.200 0.100 8 6 tom_low
289.300 0.050 13 1 roar_ultra_low
289.400 0.017 11 8 kick_tight
289.417 0.033 13 3 roar_ultra_low
289.500 0.017 11 8 kick_tight
289.517 0.033 13 3 roar_ultra_low
289.600 0.100 8 6 tom_low
289.700 0.050 13 1 roar_ultra_low
289.800 0.017 11 8 kick_tight
289.817 0.033 13 3 roar_ultra_low
290.000 0.100 8 6 tom_low
290.100 0.050 13 1 roar_ultra_low
290.200 0.017 11 8 kick_tight
290.217 0.033 13 3 roar_ultra_low
290.400 0.100 8 6 tom_low
290.500 0.050 13 1 roar_ultra_low
290.600 0.017 11 8 kick_tight
290.617 0.033 13 3 roar_ultra_low
290.800 0.100 8 6 tom_low
290.900 0.050 13 1 roar_ultra_low
291.000 0.017 11 8 kick_tight
291.017 0.033 13 3 roar_ultra_low
291.100 0.017 11 8 kick_tight
291.117 0.033 13 3 roar_ultra_low
291.200 0.100 8 6 tom_low
291.300 0.050 13 1 roar_ultra_low
291.400 0.017 11 8 kick_tight
291.417 0.033 13 3 roar_ultra_low
291.600 0.100 8 6 tom_low
291.700 0.050 13 1 roar_ultra_low
291.800 0.017 11 8 kick_tight
291.817 0.033 13 3 roar_ultra_low
292.000 0.100 8 6 tom_low
292.100 0.050 13 1 roar_ultra_low
292.200 0.017 11 8 kick_tight
292.217 0.033 13 3 roar_ultra_low
292.400 0.100 8 6 tom_low
292.500 0.050 13 1 roar_ultra_low
292.600 0.017 11 8 kick_tight
292.617 0.033 13 3 roar_ultra_low
292.700 0.017 11 8 kick_tight
292.717 0.033 13 3 roar_ultra_low
292.800 0.100 8 6 tom_low
292.900 0.050 13 1 roar_ultra_low
293.000 0.017 11 8 kick_tight
293.017 0.033 13 3 roar_ultra_low
293.200 0.100 8 6 tom_low
293.300 0.050 13 1 roar_ultra_low
293.400 0.017 11 8 kick_tight
293.417 0.033 13 3 roar_ultra_low
293.600 0.100 8 6 tom_low
293.700 0.050 13 1 roar_ultra_low
293.800 0.017 11 8 kick_tight
293.817 0.033 13 3 roar_ultra_low
294.000 0.100 8 6 tom_low
294.100 0.050 13 1 roar_ultra_low
294.200 0.017 11 8 kick_tight
294.217 0.033 13 3 roar_ultra_low
294.300 0.017 11 8 kick_tight
294.317 0.033 13 3 roar_ultra_low
294.400 0.017 11 8 kick_tight
294.417 0.033 13 3 roar_ultra_low
294.500 0.017 11 8 kick_tight
294.517 0.033 13 3 roar_ultra_low
294.600 0.017 11 8 kick_tight
294.617 0.033 13 3 roar_ultra_low
294.700 0.017 11 8 kick_tight
294.717 0.033 13 3 roar_ultra_low
294.800 0.017 11 8 kick_tight
294.817 0.033 13 3 roar_ultra_low
294.900 0.017 11 8 kick_tight
294.917 0.033 13 3 roar_ultra_low
295.000 0.017 11 8 kick_tight
295.017 0.033 13 3 roar_ultra_low
295.100 0.017 11 8 kick_tight
295.117 0.033 13 3 roar_ultra_low
295.200 0.017 11 8 kick_tight
295.217 0.033 13 3 roar_ultra_low
295.300 0.017 11 8 kick_tight
295.317 0.033 13 3 roar_ultra_low
295.400 0.017 11 8 kick_tight
295.417 0.033 13 3 roar_ultra_low
295.500 0.017 11 8 kick_tight
295.517 0.033 13 3 roar_ultra_low
295.600 0.100 8 6 tom_low
295.700 0.050 13 1 roar_ultra_low
295.800 0.100 8 6 tom_low
295.900 0.050 13 1 roar_ultra_low
296.000 0.017 11 8 kick_tight
296.017 0.033 13 3 roar_ultra_low
296.100 0.017 11 8 kick_tight
296.117 0.033 13 3 roar_ultra_low
296.200 0.017 11 8 kick_tight
296.217 0.033 13 3 roar_ultra_low
296.300 0.017 11 8 kick_tight
296.317 0.033 13 3 roar_ultra_low
296.400 0.017 11 8 kick_tight
296.417 0.033 13 3 roar_ultra_low
296.500 0.017 11 8 kick_tight
296.517 0.033 13 3 roar_ultra_low
296.600 0.017 11 8 kick_tight
296.617 0.033 13 3 roar_ultra_low
296.700 0.017 11 8 kick_tight
296.717 0.033 13 3 roar_ultra_low
296.800 0.017 11 8 kick_tight
296.817 0.033 13 3 roar_ultra_low
296.900 0.017 11 8 kick_tight
296.917 0.033 13 3 roar_ultra_low
297.000 0.017 11 8 kick_tight
297.017 0.033 13 3 roar_ultra_low
297.100 0.017 11 8 kick_tight
297.117 0.033 13 3 roar_ultra_low
297.200 0.100 8 6 tom_low
297.300 0.050 13 1 roar_ultra_low
297.400 0.100 8 6 tom_low
297.500 0.050 13 1 roar_ultra_low
297.600 0.017 11 8 kick_tight
297.617 0.033 13 3 roar_ultra_low
297.700 0.017 11 8 kick_tight
297.717 0.033 13 3 roar_ultra_low
297.800 0.017 11 8 kick_tight
297.817 0.033 13 3 roar_ultra_low
297.900 0.017 11 8 kick_tight
297.917 0.033 13 3 roar_ultra_low
298.000 0.017 11 8 kick_tight
298.017 0.033 13 3 roar_ultra_low
298.100 0.017 11 8 kick_tight
298.117 0.033 13 3 roar_ultra_low
298.200 0.017 11 8 kick_tight
298.217 0.033 13 3 roar_ultra_low
298.300 0.017 11 8 kick_tight
298.317 0.033 13 3 roar_ultra_low
298.400 0.017 11 8 kick_tight
298.417 0.033 13 3 roar_ultra_low
298.500 0.017 11 8 kick_tight
298.517 0.033 13 3 roar_ultra_low
298.600 0.017 11 8 kick_tight
298.617 0.033 13 3 roar_ultra_low
298.700 0.017 11 8 kick_tight
298.717 0.033 13 3 roar_ultra_low
298.800 0.100 8 6 tom_low
298.900 0.050 13 1 roar_ultra_low
299.000 0.100 8 6 tom_low
299.100 0.050 13 1 roar_ultra_low
299.200 0.017 11 8 kick_tight
299.217 0.033 13 3 roar_ultra_low
299.300 0.017 11 8 kick_tight
299.317 0.033 13 3 roar_ultra_low
299.400 0.017 11 8 kick_tight
299.417 0.033 13 3 roar_ultra_low
299.500 0.017 11 8 kick_tight
299.517 0.033 13 3 roar_ultra_low
299.600 0.017 11 8 kick_tight
299.617 0.033 13 3 roar_ultra_low
299.700 0.017 11 8 kick_tight
299.717 0.033 13 3 roar_ultra_low
299.800 0.017 11 8 kick_tight
299.817 0.033 13 3 roar_ultra_low
299.900 0.017 11 8 kick_tight
299.917 0.033 13 3 roar_ultra_low
300.000 0.017 11 8 kick_tight
300.017 0.033 13 3 roar_ultra_low
300.100 0.017 11 8 kick_tight
300.117 0.033 13 3 roar_ultra_low
300.200 0.017 11 8 kick_tight
300.217 0.033 13 3 roar_ultra_low
300.300 0.017 11 8 kick_tight
300.317 0.033 13 3 roar_ultra_low
300.400 2.533 8 6 tom_low
DPCM(0)
time dur note vol